email,civilite,prenom,nom_de_famille,fonction,du_des_de_la,nom_circo,num_circo,num_deptmt,titre_genre,groupe_politique,slug
dabad@assemblee-nationale.fr,H,Damien,Abad,député,de l',Ain,5,1,Monsieur le député,UMP,damien-abad
labeille@assemblee-nationale.fr,F,Laurence,Abeille,député,du,Val-de-Marne,6,94,Madame la députée,ECOLO,laurence-abeille
iaboubacar@assemblee-nationale.fr,H,Ibrahim,Aboubacar,député,de,Mayotte,2,976,Monsieur le député,SRC,ibrahim-aboubacar
eaboud@assemblee-nationale.fr,H,Elie,Aboud,député,de l',Hérault,6,34,Monsieur le député,UMP,elie-aboud
baccoyer@assemblee-nationale.fr,H,Bernard,Accoyer,député,de la,Haute-Savoie,1,74,Monsieur le député,UMP,bernard-accoyer
padam@assemblee-nationale.fr,F,Patricia,Adam,député,du,Finistère,2,29,Madame la députée,SRC,patricia-adam
s.alaux@assemblee-nationale.fr,F,Sylviane,Alaux,député,des,Pyrénées-Atlantiques,6,64,Madame la députée,SRC,sylviane-alaux
ealauzet@assemblee-nationale.fr,H,Eric,Alauzet,député,du,Doubs,2,25,Monsieur le député,ECOLO,eric-alauzet
yalbarello@assemblee-nationale.fr,H,Yves,Albarello,député,de,Seine-et-Marne,7,77,Monsieur le député,UMP,yves-albarello
ballain@assemblee-nationale.fr,F,Brigitte,Allain,député,de la,Dordogne,2,24,Madame la députée,ECOLO,brigitte-allain
jpallossery@assemblee-nationale.fr,H,Jean-Pierre,Allossery,député,du,Nord,15,59,Monsieur le député,SRC,jean-pierre-allossery
nameline@assemblee-nationale.fr,F,Nicole,Ameline,député,du,Calvados,4,14,Madame la députée,UMP,nicole-ameline
pamirshahi@assemblee-nationale.fr,H,Pouria,Amirshahi,député,des,Français établis hors de France,9,999,Monsieur le député,SRC,pouria-amirshahi
fandre@assemblee-nationale.fr,H,François,André,député,d',Ille-et-Vilaine,3,35,Monsieur le député,SRC,francois-andre
sandrieux@assemblee-nationale.fr,F,Sylvie,Andrieux,député,des,Bouches-du-Rhône,3,13,Madame la députée,NI,sylvie-andrieux
bapparu@assemblee-nationale.fr,H,Benoist,Apparu,député,de la,Marne,4,51,Monsieur le député,UMP,benoist-apparu
nappere@assemblee-nationale.fr,F,Nathalie,Appéré,député,d',Ille-et-Vilaine,2,35,Madame la députée,SRC,nathalie-appere
karif@assemblee-nationale.fr,H,Kader,Arif,député,de la,Haute-Garonne,10,31,Monsieur le député,SRC,kader-arif
larribage@assemblee-nationale.fr,F,Laurence,Arribagé,député,de la,Haute-Garonne,3,31,Madame la députée,UMP,laurence-arribage
fasensi@assemblee-nationale.fr,H,François,Asensi,député,de la,Seine-Saint-Denis,11,93,Monsieur le député,GDR,francois-asensi
cassaf@assemblee-nationale.fr,H,Christian,Assaf,député,de l',Hérault,8,34,Monsieur le député,SRC,christian-assaf
iattard@assemblee-nationale.fr,F,Isabelle,Attard,député,du,Calvados,5,14,Madame la députée,ECOLO,isabelle-attard
jaubert@assemblee-nationale.fr,H,Julien,Aubert,député,du,Vaucluse,5,84,Monsieur le député,UMP,julien-aubert
oaudiberttroin@assemblee-nationale.fr,H,Olivier,Audibert Troin,député,du,Var,8,83,Monsieur le député,UMP,olivier-audibert-troin
dauroi@assemblee-nationale.fr,F,Danielle,Auroi,député,du,Puy-de-Dôme,3,63,Madame la députée,ECOLO,danielle-auroi
deputeaylagas@gmail.com,H,Pierre,Aylagas,député,des,Pyrénées-Orientales,4,66,Monsieur le député,SRC,pierre-aylagas
bazerot@assemblee-nationale.fr,H,Bruno Nestor,Azerot,député,de la,Martinique,2,972,Monsieur le député,GDR,bruno-nestor-azerot
abachelay@assemblee-nationale.fr,H,Alexis,Bachelay,député,des,Hauts-de-Seine,1,92,Monsieur le député,SRC,alexis-bachelay
gbachelay@assemblee-nationale.fr,H,Guillaume,Bachelay,député,de la,Seine-Maritime,4,76,Monsieur le député,SRC,guillaume-bachelay
jpbacquet@assemblee-nationale.fr,H,Jean-Paul,Bacquet,député,du,Puy-de-Dôme,4,63,Monsieur le député,SRC,jean-paul-bacquet
dbaert@assemblee-nationale.fr,H,Dominique,Baert,député,du,Nord,8,59,Monsieur le député,SRC,dominique-baert
gbailliart@assemblee-nationale.fr,H,Guy,Bailliart,député,du,Calvados,3,14,Monsieur le député,SRC,guy-bailliart
pbalkany@assemblee-nationale.fr,H,Patrick,Balkany,député,des,Hauts-de-Seine,5,92,Monsieur le député,UMP,patrick-balkany
gbapt@assemblee-nationale.fr,H,Gérard,Bapt,député,de la,Haute-Garonne,2,31,Monsieur le député,SRC,gerard-bapt
fbarbier@assemblee-nationale.fr,H,Frédéric,Barbier,député,du,Doubs,4,25,Monsieur le député,SRC,frederic-barbier
jpbarbier@assemblee-nationale.fr,H,Jean-Pierre,Barbier,député,de l',Isère,7,38,Monsieur le député,UMP,jean-pierre-barbier
sbardy@assemblee-nationale.fr,H,Serge,Bardy,député,de,Maine-et-Loire,6,49,Monsieur le député,SRC,serge-bardy
cbartolone@assemblee-nationale.fr,H,Claude,Bartolone,député,de la,Seine-Saint-Denis,9,93,Monsieur le député,SRC,claude-bartolone
cbataille@assemblee-nationale.fr,H,Christian,Bataille,député,du,Nord,12,59,Monsieur le député,SRC,christian-bataille
dbatho@assemblee-nationale.fr,F,Delphine,Batho,député,des,Deux-Sèvres,2,79,Madame la députée,SRC,delphine-batho
mnbattistel@assemblee-nationale.fr,F,Marie-Noëlle,Battistel,député,de l',Isère,4,38,Madame la députée,SRC,marie-noelle-battistel
lbaumel@assemblee-nationale.fr,H,Laurent,Baumel,député,d',Indre-et-Loire,4,37,Monsieur le député,SRC,laurent-baumel
pbaumel@assemblee-nationale.fr,H,Philippe,Baumel,député,de,Saône-et-Loire,3,71,Monsieur le député,SRC,philippe-baumel
dbaupin@assemblee-nationale.fr,H,Denis,Baupin,député,de,Paris,10,75,Monsieur le député,ECOLO,denis-baupin
nbays@assemblee-nationale.fr,H,Nicolas,Bays,député,du,Pas-de-Calais,12,62,Monsieur le député,SRC,nicolas-bays
cbeaubatie@assemblee-nationale.fr,F,Catherine,Beaubatie,député,de la,Haute-Vienne,3,87,Madame la députée,SRC,catherine-beaubatie
mfbechtel@assemblee-nationale.fr,F,Marie-Françoise,Bechtel,député,de l',Aisne,4,2,Madame la députée,SRC,marie-francoise-bechtel
jmbeffara@assemblee-nationale.fr,H,Jean-Marie,Beffara,député,d',Indre-et-Loire,3,37,Monsieur le député,SRC,jean-marie-beffara
hbello@assemblee-nationale.fr,F,Huguette,Bello,député,de la,Réunion,2,974,Madame la députée,GDR,huguette-bello
lbelot@assemblee-nationale.fr,H,Luc,Belot,député,de,Maine-et-Loire,1,49,Monsieur le député,SRC,luc-belot
jabenisti@assemblee-nationale.fr,H,Jacques Alain,Bénisti,député,du,Val-de-Marne,4,94,Monsieur le député,UMP,jacques-alain-benisti
tbenoit@assemblee-nationale.fr,H,Thierry,Benoit,député,d',Ille-et-Vilaine,6,35,Monsieur le député,UDI,thierry-benoit
kberger@assemblee-nationale.fr,F,Karine,Berger,député,des,Hautes-Alpes,1,5,Madame la députée,SRC,karine-berger
sberrios@assemblee-nationale.fr,H,Sylvain,Berrios,député,du,Val-de-Marne,1,94,Monsieur le député,UMP,sylvain-berrios
cberthelot@assemblee-nationale.fr,F,Chantal,Berthelot,député,de la,Guyane,2,973,Madame la députée,SRC,chantal-berthelot
vbesse@assemblee-nationale.fr,F,Véronique,Besse,député,de la,Vendée,4,85,Madame la députée,NI,veronique-besse
gbiemouret@assemblee-nationale.fr,F,Gisèle,Biémouret,député,du,Gers,2,32,Madame la députée,SRC,gisele-biemouret
pbies@assemblee-nationale.fr,H,Philippe,Bies,député,du,Bas-Rhin,2,67,Monsieur le député,SRC,philippe-bies
ebinet@assemblee-nationale.fr,H,Erwann,Binet,député,de l',Isère,8,38,Monsieur le député,SRC,erwann-binet
eblanc@assemblee-nationale.fr,H,Brigitte,Blanc,député,de l',Ain,3,1,Monsieur le député,UMP,etienne-blanc
jpblazy@assemblee-nationale.fr,H,Jean-Pierre,Blazy,député,du,Val-d'Oise,9,95,Monsieur le député,SRC,jean-pierre-blazy
yblein@assemblee-nationale.fr,H,Yves,Blein,député,du,Rhône,14,69,Monsieur le député,SRC,yves-blein
jlbleunven@assemblee-nationale.fr,H,Jean-Luc,Bleunven,député,du,Finistère,3,29,Monsieur le député,SRC,jean-luc-bleunven
pbloche@assemblee-nationale.fr,H,Patrick,Bloche,député,de,Paris,7,75,Monsieur le député,SRC,patrick-bloche
abocquet@assemblee-nationale.fr,H,Alain,Bocquet,député,du,Nord,20,59,Monsieur le député,GDR,alain-bocquet
dboisserie@assemblee-nationale.fr,H,Daniel,Boisserie,député,de la,Haute-Vienne,2,87,Monsieur le député,SRC,daniel-boisserie
jbompard@assemblee-nationale.fr,H,Jacques,Bompard,député,du,Vaucluse,4,84,Monsieur le député,NI,jacques-bompard
mbonneton@assemblee-nationale.fr,F,Michèle,Bonneton,député,de l',Isère,9,38,Madame la députée,ECOLO,michele-bonneton
mbonnot@assemblee-nationale.fr,H,Marcel,Bonnot,député,du,Doubs,3,25,Monsieur le député,UMP,marcel-bonnot
cborgel@assemblee-nationale.fr,H,Christophe,Borgel,député,de la,Haute-Garonne,9,31,Monsieur le député,SRC,christophe-borgel
jcbouchet@assemblee-nationale.fr,H,Jean-Claude,Bouchet,député,du,Vaucluse,2,84,Monsieur le député,UMP,jean-claude-bouchet
fboudie@assemblee-nationale.fr,H,Florent,Boudié,député,de la,Gironde,10,33,Monsieur le député,SRC,florent-boudie
mobouille@assemblee-nationale.fr,F,Marie-Odile,Bouillé,député,de,Loire-Atlantique,8,44,Madame la députée,SRC,marie-odile-bouille
cbouillon@assemblee-nationale.fr,H,Christophe,Bouillon,député,de la,Seine-Maritime,5,76,Monsieur le député,SRC,christophe-bouillon
gbourdouleix@assemblee-nationale.fr,H,Gilles,Bourdouleix,député,de,Maine-et-Loire,5,49,Monsieur le député,NI,gilles-bourdouleix
bbourguignon@assemblee-nationale.fr,F,Brigitte,Bourguignon,député,du,Pas-de-Calais,6,62,Madame la députée,SRC,brigitte-bourguignon
mboutih@assemblee-nationale.fr,H,Malek,Boutih,député,de l',Essonne,10,91,Monsieur le député,SRC,malek-boutih
kbouziane@assemblee-nationale.fr,F,Kheira,Bouziane-Laroussi,député,de la,Côte-d'Or,3,21,Madame la députée,SRC,kheira-bouziane
vboyer@assemblee-nationale.fr,F,Valérie,Boyer,député,des,Bouches-du-Rhône,1,13,Madame la députée,UMP,valerie-boyer
ebrehier@assemblee-nationale.fr,H,Emeric,Bréhier,député,de,Seine-et-Marne,10,77,Monsieur le député,SRC,emeric-brehier
xbreton@assemblee-nationale.fr,H,Xavier,Breton,député,de l',Ain,1,1,Monsieur le député,UMP,xavier-breton
pbriand@assemblee-nationale.fr,H,Philippe,Briand,député,d',Indre-et-Loire,5,37,Monsieur le député,UMP,philippe-briand
jlbricout@assemblee-nationale.fr,H,Jean-Louis,Bricout,député,de l',Aisne,3,2,Monsieur le député,SRC,jean-louis-bricout
jjbridey@assemblee-nationale.fr,H,Jean-Jacques,Bridey,député,du,Val-de-Marne,7,94,Monsieur le député,SRC,jean-jacques-bridey
bbrochand@assemblee-nationale.fr,H,Bernard,Brochand,député,des,Alpes-Maritimes,8,6,Monsieur le député,UMP,bernard-brochand
ibruneau@assemblee-nationale.fr,F,Isabelle,Bruneau,député,de l',Indre,2,36,Madame la députée,SRC,isabelle-bruneau
mgbuffet@assemblee-nationale.fr,F,Marie-George,Buffet,député,des,Seine-Saint-Denis,4,93,Madame la députée,GDR,marie-george-buffet
gbui@assemblee-nationale.fr,H,Gwenegan,Bui,député,du,Finistère,4,29,Monsieur le député,SRC,gwenegan-bui
sbuis@assemblee-nationale.fr,F,Sabine,Buis,député,de l',Ardèche,3,7,Madame la députée,SRC,sabine-buis
jcbuisine@assemblee-nationale.fr,H,Jean-Claude,Buisine,député,de la,Somme,3,80,Monsieur le député,SRC,jean-claude-buisine
sbulteau@assemblee-nationale.fr,F,Sylviane,Bulteau,député,de la,Vendée,2,85,Madame la députée,SRC,sylviane-bulteau
vburroni@assemblee-nationale.fr,H,Vincent,Burroni,député,des,Bouches-du-Rhône,12,13,Monsieur le député,SRC,vincent-burroni
dbussereau@assemblee-nationale.fr,H,Dominique,Bussereau,député,de la,Charente-Maritime,4,17,Monsieur le député,UMP,dominique-bussereau
acalmette@assemblee-nationale.fr,H,Alain,Calmette,député,du,Cantal,1,15,Monsieur le député,SRC,alain-calmette
jccambadelis@assemblee-nationale.fr,H,Jean-Christophe,Cambadélis,député,de,Paris,16,75,Monsieur le député,SRC,jean-christophe-cambadelis
jjcandelier@assemblee-nationale.fr,H,Jean-Jacques,Candelier,député,du,Nord,16,59,Monsieur le député,GDR,jean-jacques-candelier
ccapdevielle@assemblee-nationale.fr,F,Colette,Capdevielle,député,des,Pyrénées-Atlantiques,5,64,Madame la députée,SRC,colette-capdevielle
ycapet@assemblee-nationale.fr,H,Yann,Capet,député,du,Pas-de-Calais,7,62,Monsieur le député,SRC,yann-capet
ccaresche@assemblee-nationale.fr,H,Christophe,Caresche,député,de,Paris,18,75,Monsieur le député,SRC,christophe-caresche
macarlotti@assemblee-nationale.fr,F,Marie-Arlette,Carlotti,député,des,Bouches-du-Rhône,5,13,Madame la députée,SRC,marie-arlette-carlotti
jncarpentier@assemblee-nationale.fr,H,Jean-Noël,Carpentier,député,du,Val-d'Oise,3,95,Monsieur le député,RRDP,jean-noel-carpentier
ocarre@assemblee-nationale.fr,H,Olivier,Carré,député,du,Loiret,1,45,Monsieur le député,UMP,olivier-carre
fcarrey-conte@assemblee-nationale.fr,F,Fanélie,Carrey-Conte,député,de,Paris,15,75,Madame la députée,SRC,fanelie-carrey-conte
gcarrez@assemblee-nationale.fr,H,Gilles,Carrez,député,du,Val-de-Marne,5,94,Monsieur le député,UMP,gilles-carrez
mcarrillon-couvreur@assemblee-nationale.fr,F,Martine,Carrillon-Couvreur,député,de la,Nièvre,1,58,Madame la députée,SRC,martine-carrillon-couvreur
pcarvalho@assemblee-nationale.fr,H,Patrice,Carvalho,député,de l',Oise,6,60,Monsieur le député,GDR,patrice-carvalho
ccastaner@assemblee-nationale.fr,H,Christophe,Castaner,député,des,Alpes-de-Haute-Provence,2,4,Monsieur le député,SRC,christophe-castaner
lcathala@assemblee-nationale.fr,H,Laurent,Cathala,député,du,Val-de-Marne,2,94,Monsieur le député,SRC,laurent-cathala
jycaullet@assemblee-nationale.fr,H,Jean-Yves,Caullet,député,de l',Yonne,2,89,Monsieur le député,SRC,jean-yves-caullet
ccavard@assemblee-nationale.fr,H,Christophe,Cavard,député,du,Gard,6,30,Monsieur le député,ECOLO,christophe-cavard
ycensi@assemblee-nationale.fr,H,Yves,Censi,député,de l',Aveyron,1,12,Monsieur le député,UMP,yves-censi
nchabanne@assemblee-nationale.fr,F,Nathalie,Chabanne,député,des,Pyrénées-Atlantiques,2,64,Madame la députée,SRC,nathalie-chabanne
achalus@assemblee-nationale.fr,H,Ary,Chalus,député,de la,Guadeloupe,3,971,Monsieur le député,RRDP,ary-chalus
gchambefort@assemblee-nationale.fr,H,Guy,Chambefort,député,de l',Allier,1,3,Monsieur le député,SRC,guy-chambefort
jpchanteguet@assemblee-nationale.fr,H,Jean-Paul,Chanteguet,député,de l',Indre,1,36,Monsieur le député,SRC,jean-paul-chanteguet
machapdelaine@assemblee-nationale.fr,F,Marie-Anne,Chapdelaine,député,d',Ille-et-Vilaine,1,35,Madame la députée,SRC,marie-anne-chapdelaine
gcharasse@assemblee-nationale.fr,H,Gérard,Charasse,député,de l',Allier,3,3,Monsieur le député,RRDP,gerard-charasse
gcharroux@assemblee-nationale.fr,H,Gaby,Charroux,député,des,Bouches-du-Rhône,13,13,Monsieur le député,GDR,gaby-charroux
jchartier@assemblee-nationale.fr,H,Jérôme,Chartier,député,du,Val-d'Oise,7,95,Monsieur le député,UMP,jerome-chartier
achassaigne@assemblee-nationale.fr,H,André,Chassaigne,député,du,Puy-de-Dôme,5,63,Monsieur le député,GDR,andre-chassaigne
lchatel@assemblee-nationale.fr,H,Luc,Chatel,député,de la,Haute-Marne,1,52,Monsieur le député,UMP,luc-chatel
gmchauveau@assemblee-nationale.fr,H,Guy-Michel,Chauveau,député,de la,Sarthe,3,72,Monsieur le député,SRC,guy-michel-chauveau
dchauvel@assemblee-nationale.fr,F,Dominique,Chauvel,député,de,Seine-Maritime,10,76,Madame la députée,SRC,dominique-chauvel
pcherki@assemblee-nationale.fr,H,Pascal,Cherki,député,de,Paris,11,75,Monsieur le député,SRC,pascal-cherki
gcherpion@assemblee-nationale.fr,H,Gérard,Cherpion,député,des,Vosges,2,88,Monsieur le député,UMP,gerard-cherpion
gchevrollier@assemblee-nationale.fr,H,Guillaume,Chevrollier,député,de la,Mayenne,2,53,Monsieur le député,UMP,guillaume-chevrollier
achretien@assemblee-nationale.fr,H,Alain,Chrétien,député,de la,Haute-Saône,1,70,Monsieur le député,UMP,alain-chretien
jlchrist@assemblee-nationale.fr,H,Jean-Louis,Christ,député,du,Haut-Rhin,2,68,Monsieur le député,UMP,jean-louis-christ
dcinieri@assemblee-nationale.fr,H,Dino,Cinieri,député,de la,Loire,4,42,Monsieur le député,UMP,dino-cinieri
jdciot@assemblee-nationale.fr,H,Jean-David,Ciot,député,des,Bouches-du-Rhône,14,13,Monsieur le député,SRC,jean-david-ciot
eciotti@assemblee-nationale.fr,H,Eric,Ciotti,député,des,Alpes-Maritimes,1,6,Monsieur le député,UMP,eric-ciotti
aclaeys@assemblee-nationale.fr,H,Alain,Claeys,député,de la,Vienne,1,86,Monsieur le député,SRC,alain-claeys
sclaireaux@assemblee-nationale.fr,H,Stéphane,Claireaux,député,de,Saint-Pierre-et-Miquelon,1,975,Monsieur le député,RRDP,stephane-claireaux
jmclement@assemblee-nationale.fr,H,Jean-Michel,Clément,député,de la,Vienne,3,86,Monsieur le député,SRC,jean-michel-clement
mfclergeau@assemblee-nationale.fr,F,Marie-Françoise,Clergeau,député,de,Loire-Atlantique,2,44,Madame la députée,SRC,marie-francoise-clergeau
pcochet@assemblee-nationale.fr,H,Philippe,Cochet,député,du,Rhône,5,69,Monsieur le député,UMP,philippe-cochet
rcolas@assemblee-nationale.fr,H,Romain,Colas,député,de l',Essonne,9,91,Monsieur le député,SRC,romain-colas
gcollard@assemblee-nationale.fr,H,Gilbert,Collard,député,du,Gard,2,30,Monsieur le député,NI,gilbert-collard
dcomet@assemblee-nationale.fr,H,David,Comet,député,de la,Charente,1,16,Monsieur le député,SRC,david-comet
jfcope@assemblee-nationale.fr,H,Jean-François,Copé,député,de,Seine-et-Marne,6,77,Monsieur le député,UMP,jean-francois-cope
pcordery@assemblee-nationale.fr,H,Philip,Cordery,député,des,Français établis hors de France,4,999,Monsieur le député,SRC,philip-cordery
fcornut-gentille@assemblee-nationale.fr,H,François,Cornut-Gentille,député,de la,Haute-Marne,2,52,Monsieur le député,UMP,francois-cornut-gentille
scoronado@assemblee-nationale.fr,H,Sergio,Coronado,député,des,Français établis hors de France,2,999,Monsieur le député,ECOLO,sergio-coronado
vcorre@assemblee-nationale.fr,F,Valérie,Corre,député,du,Loiret,6,45,Madame la députée,SRC,valerie-corre
jlcostes@assemblee-nationale.fr,H,Jean-Louis,Costes,député,de,Lot-et-Garonne,3,47,Monsieur le député,UMP,jean-louis-costes
jjcottel@assemblee-nationale.fr,H,Jean-Jacques,Cottel,député,du,Pas-de-Calais,1,62,Monsieur le député,SRC,jean-jacques-cottel
ecourtial@assemblee-nationale.fr,H,Edouard,Courtial,député,de l',Oise,7,60,Monsieur le député,UMP,edouard-courtial
ccoutelle@assemblee-nationale.fr,F,Catherine,Coutelle,député,de la,Vienne,2,86,Madame la députée,SRC,catherine-coutelle
jmcouve@assemblee-nationale.fr,H,Jean-Michel,Couve,député,du,Var,4,83,Monsieur le député,UMP,jean-michel-couve
jcresta@assemblee-nationale.fr,H,Jacques,Cresta,député,des,Pyrénées-Orientales,1,66,Monsieur le député,SRC,jacques-cresta
pcrozon@assemblee-nationale.fr,F,Pascale,Crozon,député,du,Rhône,6,69,Madame la députée,SRC,pascale-crozon
fcuvillier@assemblee-nationale.fr,H,Frédéric,Cuvillier,député,du,Pas-de-Calais,5,62,Monsieur le député,SRC,frederic-cuvillier
cdasilva@assemblee-nationale.fr,H,Carlos,Da Silva,député,de l',Essonne,1,91,Monsieur le député,SRC,carlos-da-silva
sdagoma@assemblee-nationale.fr,F,Seybah,Dagoma,député,de,Paris,5,75,Madame la députée,SRC,seybah-dagoma
mcdalloz@assemblee-nationale.fr,F,Marie-Christine,Dalloz,député,du,Jura,2,39,Madame la députée,UMP,marie-christine-dalloz
ydaniel@assemblee-nationale.fr,H,Yves,Daniel,député,de la,Loire-Atlantique,6,44,Monsieur le député,SRC,yves-daniel
odassault@assemblee-nationale.fr,H,Olivier,Dassault,député,de l',Oise,1,60,Monsieur le député,UMP,olivier-dassault
mpdaubresse@assemblee-nationale.fr,H,Marc-Philippe,Daubresse,député,du,Nord,4,59,Monsieur le député,UMP,marc-philippe-daubresse
cdecourson@assemblee-nationale.fr,H,Charles,de Courson,député,de la,Marne,5,51,Monsieur le député,UDI,charles-de-courson
cdeganay@assemblee-nationale.fr,H,Claude,de Ganay,député,du,Loiret,3,45,Monsieur le député,UMP,claude-de-ganay
ldelaraudiere@assemblee-nationale.fr,F,Laure,de La Raudière,député,d',Eure-et-Loir,3,28,Madame la députée,UMP,laure-de-la-raudiere
cdelaverpilliere@assemblee-nationale.fr,H,Charles,de La Verpillière,député,de l',Ain,2,1,Monsieur le député,UMP,charles-de-la-verpilliere
fdemazieres@assemblee-nationale.fr,H,François,de Mazières,député,des,Yvelines,1,78,Monsieur le député,UMP,francois-de-mazieres
cderoccaserra@assemblee-nationale.fr,H,Camille,de Rocca Serra,député,de la,Corse-du-Sud,2,2A,Monsieur le député,UMP,camille-de-rocca-serra
fderugy@assemblee-nationale.fr,H,François,de Rugy,député,de la,Loire-Atlantique,1,44,Monsieur le député,ECOLO,francois-de-rugy
bdebre@assemblee-nationale.fr,H,Bernard,Debré,député,de,Paris,4,75,Monsieur le député,UMP,bernard-debre
jpdecool@assemblee-nationale.fr,H,Jean-Pierre,Decool,député,du,Nord,14,59,Monsieur le député,UMP,jean-pierre-decool
bdeflesselles@assemblee-nationale.fr,H,Bernard,Deflesselles,député,des,Bouches-du-Rhône,9,13,Monsieur le député,UMP,bernard-deflesselles
ldegallaix@assemblee-nationale.fr,H,Laurent,Degallaix,député,du,Nord,21,59,Monsieur le député,UDI,laurent-degallaix
ldegauchy@assemblee-nationale.fr,H,Lucien,Degauchy,député,de l',Oise,5,60,Monsieur le député,UMP,lucien-degauchy
pdeguilhem@assemblee-nationale.fr,H,Pascal,Deguilhem,député,de la,Dordogne,1,24,Monsieur le député,SRC,pascal-deguilhem
rdelatte@assemblee-nationale.fr,H,Rémi,Delatte,député,de la,Côte-d'Or,2,21,Monsieur le député,UMP,remi-delatte
fdelaunay@assemblee-nationale.fr,F,Florence,Delaunay,député,des,Landes,1,40,Madame la députée,SRC,florence-delaunay
mdelaunay@assemblee-nationale.fr,F,Michèle,Delaunay,député,de la,Gironde,2,33,Madame la députée,SRC,michele-delaunay
gdelcourt@assemblee-nationale.fr,H,Guy,Delcourt,député,du,Pas-de-Calais,3,62,Monsieur le député,SRC,guy-delcourt
cdelga@assemblee-nationale.fr,F,Carole,Delga,député,de la,Haute-Garonne,8,31,Madame la députée,SRC,carole-delga
pdemarthe@assemblee-nationale.fr,H,Pascal,Demarthe,député,de la,Somme,1,80,Monsieur le député,SRC,pascal-demarthe
sdemilly@assemblee-nationale.fr,H,Stéphane,Demilly,député,de la,Somme,5,80,Monsieur le député,UDI,stephane-demilly
sdenaja@assemblee-nationale.fr,H,Sébastien,Denaja,député,de l',Hérault,7,34,Monsieur le député,SRC,sebastien-denaja
fdescampscrosnier@assemblee-nationale.fr,F,Françoise,Descamps-Crosnier,député,des,Yvelines,8,78,Madame la députée,SRC,francoise-descamps-crosnier
sdessus@assemblee-nationale.fr,F,Sophie,Dessus,député,de la,Corrèze,1,19,Madame la députée,SRC,sophie-dessus
jldestans@assemblee-nationale.fr,H,Jean-Louis,Destans,député,de l',Eure,2,27,Monsieur le député,SRC,jean-louis-destans
mdestot@assemblee-nationale.fr,H,Michel,Destot,député,de l',Isère,3,38,Monsieur le député,SRC,michel-destot
pdevedjian@assemblee-nationale.fr,H,Patrick,Devedjian,député,des,Hauts-de-Seine,13,92,Monsieur le député,UMP,patrick-devedjian
ndhuicq@assemblee-nationale.fr,H,Nicolas,Dhuicq,député,de l',Aube,1,10,Monsieur le député,UMP,nicolas-dhuicq
sdion@assemblee-nationale.fr,F,Sophie,Dion,député,de la,Haute-Savoie,6,74,Madame la députée,UMP,sophie-dion
mdolez@assemblee-nationale.fr,H,Marc,Dolez,député,du,Nord,17,59,Monsieur le député,GDR,marc-dolez
fdombrecoste@assemblee-nationale.fr,F,Fanny,Dombre Coste,député,de l',Hérault,3,34,Madame la députée,SRC,fanny-dombre-coste
jpdoor@assemblee-nationale.fr,H,Jean-Pierre,Door,député,du,Loiret,4,45,Monsieur le député,UMP,jean-pierre-door
ddord@assemblee-nationale.fr,H,Dominique,Dord,député,de la,Savoie,1,73,Monsieur le député,UMP,dominique-dord
rdosiere@assemblee-nationale.fr,H,René,Dosière,député,de l',Aisne,1,2,Monsieur le député,SRC,rene-dosiere
pdoucet@assemblee-nationale.fr,H,Philippe,Doucet,député,du,Val-d'Oise,5,95,Monsieur le député,SRC,philippe-doucet
sdoucet@assemblee-nationale.fr,F,Sandrine,Doucet,député,de la,Gironde,1,33,Madame la députée,SRC,sandrine-doucet
jdubie@assemblee-nationale.fr,F,Jeanine,Dubié,député,des,Hautes-Pyrénées,2,65,Madame la députée,RRDP,jeanine-dubie
fdubois@assemblee-nationale.fr,F,Françoise,Dubois,député,de la,Sarthe,1,72,Madame la députée,SRC,francoise-dubois
mdubois@assemblee-nationale.fr,F,Marianne,Dubois,député,du,Loiret,5,45,Madame la députée,UMP,marianne-dubois
vdubymuller@assemblee-nationale.fr,F,Virginie,Duby-Muller,député,de la,Haute-Savoie,4,74,Madame la députée,UMP,virginie-duby-muller
jpdufau@assemblee-nationale.fr,H,Jean-Pierre,Dufau,député,des,Landes,2,40,Monsieur le député,SRC,jean-pierre-dufau
cduflot@assemblee-nationale.fr,F,Cécile,Duflot,député,de,Paris,6,75,Madame la députée,ECOLO,cecile-duflot
aldufourtonini@assemblee-nationale.fr,F,Anne-Lise,Dufour-Tonini,député,du,Nord,19,59,Madame la députée,SRC,anne-lise-dufour-tonini
fdumas@assemblee-nationale.fr,F,Françoise,Dumas,député,du,Gard,1,30,Madame la députée,SRC,francoise-dumas
wdumas@assemblee-nationale.fr,H,William,Dumas,député,du,Gard,5,30,Monsieur le député,SRC,william-dumas
jldumont@assemblee-nationale.fr,H,Jean-Louis,Dumont,député,de la,Meuse,2,55,Monsieur le député,SRC,jean-louis-dumont
ldumont@assemblee-nationale.fr,F,Laurence,Dumont,député,du,Calvados,2,14,Madame la députée,SRC,laurence-dumont
ndupont-aignan@assemblee-nationale.fr,H,Nicolas,Dupont-Aignan,député,de l',Essonne,8,91,Monsieur le député,NI,nicolas-dupont-aignan
jpdupre@assemblee-nationale.fr,H,Jean-Paul,Dupré,député,de l',Aude,3,11,Monsieur le député,SRC,jean-paul-dupre
ydurand@assemblee-nationale.fr,H,Yves,Durand,député,du,Nord,11,59,Monsieur le député,SRC,yves-durand
pduron@assemblee-nationale.fr,H,Philippe,Duron,député,du,Calvados,1,14,Monsieur le député,SRC,philippe-duron
odussopt@assemblee-nationale.fr,H,Olivier,Dussopt,député,de l',Ardèche,2,7,Monsieur le député,SRC,olivier-dussopt
hemmanuelli@assemblee-nationale.fr,H,Henri,Emmanuelli,député,des,Landes,3,40,Monsieur le député,SRC,henri-emmanuelli
cerhel@assemblee-nationale.fr,F,Corinne,Erhel,député,des,Côtes-d'Armor,5,22,Madame la députée,SRC,corinne-erhel
serrante@assemblee-nationale.fr,F,Sophie,Errante,député,de,Loire-Atlantique,10,44,Madame la députée,SRC,sophie-errante
cestrosi@assemblee-nationale.fr,H,Christian,Estrosi,député,des,Alpes-Maritimes,5,6,Monsieur le député,UMP,christian-estrosi
mhfabre@assemblee-nationale.fr,F,Marie-Hélène,Fabre,député,de l',Aude,2,11,Madame la députée,SRC,marie-helene-fabre
ofalorni@assemblee-nationale.fr,H,Olivier,Falorni,député,de la,Charente-Maritime,1,17,Monsieur le député,RRDP,olivier-falorni
dfasquelle@assemblee-nationale.fr,H,Daniel,Fasquelle,député,du,Pas-de-Calais,4,62,Monsieur le député,UMP,daniel-fasquelle
mfaure@assemblee-nationale.fr,F,Martine,Faure,député,de la,Gironde,12,33,Madame la députée,SRC,martine-faure
ofaure@assemblee-nationale.fr,H,Olivier,Faure,député,de,Seine-et-Marne,11,77,Monsieur le député,SRC,olivier-faure
afaure@assemblee-nationale.fr,H,Alain,Fauré,député,de l',Ariège,2,9,Monsieur le député,SRC,alain-faure
yfavennec@assemblee-nationale.fr,H,Yannick,Favennec,député,de la,Mayenne,3,53,Monsieur le député,UDI,yannick-favennec
gfenech@assemblee-nationale.fr,H,Georges,Fenech,député,du,Rhône,11,69,Monsieur le député,UMP,georges-fenech
hferon@assemblee-nationale.fr,H,Hervé,Féron,député,de,Meurthe-et-Moselle,2,54,Monsieur le député,SRC,herve-feron
rferrand@assemblee-nationale.fr,H,Richard,Ferrand,député,du,Finistère,6,29,Monsieur le député,SRC,richard-ferrand
afilippetti@assemblee-nationale.fr,F,Aurélie,Filippetti,député,de la,Moselle,1,57,Madame la députée,SRC,aurelie-filippetti
ffillon@assemblee-nationale.fr,H,François,Fillon,député,de,Paris,2,75,Monsieur le député,UMP,francois-fillon
gfioraso@assemblee-nationale.fr,F,Geneviève,Fioraso,député,de l',Isère,1,38,Madame la députée,SRC,genevieve-fioraso
pfolliot@assemblee-nationale.fr,H,Philippe,Folliot,député,du,Tarn,1,81,Monsieur le député,UDI,philippe-folliot
mlfort@assemblee-nationale.fr,F,Marie-Louise,Fort,député,de l',Yonne,3,89,Madame la députée,UMP,marie-louise-fort
yfoulon@assemblee-nationale.fr,H,Yves,Foulon,député,de la,Gironde,8,33,Monsieur le député,UMP,yves-foulon
hfourage@assemblee-nationale.fr,H,Hugues,Fourage,député,de la,Vendée,5,85,Monsieur le député,SRC,hugues-fourage
jfournel@assemblee-nationale.fr,H,Jean-Marc,Fournel,député,de,Meurthe-et-Moselle,3,54,Monsieur le député,SRC,jean-marc-fournel
vfourneyron@assemblee-nationale.fr,F,Valérie,Fourneyron,député,de,Seine-Maritime,1,76,Madame la députée,SRC,valerie-fourneyron
mfournierarmand@assemblee-nationale.fr,F,Michèle,Fournier-Armand,député,du,Vaucluse,1,84,Madame la députée,SRC,michele-fournier-armand
mfrancaix@assemblee-nationale.fr,H,Michel,Françaix,député,de l',Oise,3,60,Monsieur le député,SRC,michel-francaix
mfrancina@assemblee-nationale.fr,H,Marc,Francina,député,de la,Haute-Savoie,5,74,Monsieur le député,UMP,marc-francina
cfranqueville@assemblee-nationale.fr,H,Christian,Franqueville,député,des,Vosges,4,88,Monsieur le député,SRC,christian-franqueville
jfraysse@assemblee-nationale.fr,F,Jacqueline,Fraysse,député,des,Hauts-de-Seine,4,92,Madame la députée,GDR,jacqueline-fraysse
jcfromantin@assemblee-nationale.fr,H,Jean-Christophe,Fromantin,député,des,Hauts-de-Seine,6,92,Monsieur le député,UDI,jean-christophe-fromantin
yfromion@assemblee-nationale.fr,H,Yves,Fromion,député,du,Cher,1,18,Monsieur le député,UMP,yves-fromion
jcfruteau@assemblee-nationale.fr,H,Jean-Claude,Fruteau,député,de la,Réunion,5,974,Monsieur le député,SRC,jean-claude-fruteau
lfurst@assemblee-nationale.fr,H,Laurent,Furst,député,du,Bas-Rhin,6,67,Monsieur le député,UMP,laurent-furst
jlgagnaire@assemblee-nationale.fr,H,Jean-Louis,Gagnaire,député,de la,Loire,2,42,Monsieur le député,SRC,jean-louis-gagnaire
ggaillard@assemblee-nationale.fr,F,Geneviève,Gaillard,député,des,Deux-Sèvres,1,79,Madame la députée,SRC,genevieve-gaillard
ygalut@assemblee-nationale.fr,H,Yann,Galut,député,du,Cher,3,18,Monsieur le député,SRC,yann-galut
sgandolfi-scheit@assemblee-nationale.fr,H,Sauveur,Gandolfi-Scheit,député,de la,Haute-Corse,1,2B,Monsieur le député,UMP,sauveur-gandolfi-scheit
ggarot@assemblee-nationale.fr,H,Guillaume,Garot,député,de la,Mayenne,1,53,Monsieur le député,SRC,guillaume-garot
hgaymard@assemblee-nationale.fr,H,Hervé,Gaymard,député,de la,Savoie,2,73,Monsieur le député,UMP,herve-gaymard
agenevard@assemblee-nationale.fr,F,Annie,Genevard,député,du,Doubs,5,25,Madame la députée,UMP,annie-genevard
ggeoffroy@assemblee-nationale.fr,H,Guy,Geoffroy,député,de,Seine-et-Marne,9,77,Monsieur le député,UMP,guy-geoffroy
bgerard@assemblee-nationale.fr,H,Bernard,Gérard,député,du,Nord,9,59,Monsieur le député,UMP,bernard-gerard
jmgermain@assemblee-nationale.fr,H,Jean-Marc,Germain,député,des,Hauts-de-Seine,12,92,Monsieur le député,SRC,jean-marc-germain
agest@assemblee-nationale.fr,H,Alain,Gest,député,de la,Somme,4,80,Monsieur le député,UMP,alain-gest
pgiacobbi@assemblee-nationale.fr,H,Paul,Giacobbi,député,de la,Haute-Corse,2,2B,Monsieur le député,RRDP,paul-giacobbi
dgibbes@assemblee-nationale.fr,H,Daniel,Gibbes,député,de,Saint-Barthélemy et Saint-Martin,1,977,Monsieur le député,UMP,daniel-gibbes
fgilard@assemblee-nationale.fr,H,Franck,Gilard,député,de l',Eure,5,27,Monsieur le député,UMP,franck-gilard
jpgille@assemblee-nationale.fr,H,Jean-Patrick,Gille,député,d',Indre-et-Loire,1,37,Monsieur le député,SRC,jean-patrick-gille
gginesta@assemblee-nationale.fr,H,Georges,Ginesta,député,du,Var,5,83,Monsieur le député,UMP,georges-ginesta
cginesy@assemblee-nationale.fr,H,Charles-Ange,Ginesy,député,des,Alpes-Maritimes,2,6,Monsieur le député,UMP,charles-ange-ginesy
jpgiran@assemblee-nationale.fr,H,Jean-Pierre,Giran,député,du,Var,3,83,Monsieur le député,UMP,jean-pierre-giran
jgiraud@assemblee-nationale.fr,H,Joël,Giraud,député,des,Hautes-Alpes,2,5,Monsieur le député,RRDP,joel-giraud
jglavany@assemblee-nationale.fr,H,Jean,Glavany,député,des,Hautes-Pyrénées,1,65,Monsieur le député,SRC,jean-glavany
ygoasdoue@assemblee-nationale.fr,H,Yves,Goasdoue,député,de l',Orne,3,61,Monsieur le député,SRC,yves-goasdoue
cgoasguen@assemblee-nationale.fr,H,Claude,Goasguen,député,de,Paris,14,75,Monsieur le député,UMP,claude-goasguen
dgoldberg@assemblee-nationale.fr,H,Daniel,Goldberg,député,de la,Seine-Saint-Denis,10,93,Monsieur le député,SRC,daniel-goldberg
pgomes@assemblee-nationale.fr,H,Philippe,Gomes,député,de la,Nouvelle-Calédonie,2,988,Monsieur le député,UDI,philippe-gomes
jpgorges@assemblee-nationale.fr,H,Jean-Pierre,Gorges,député,d',Eure-et-Loir,1,28,Monsieur le député,UMP,jean-pierre-gorges
pgosselin@assemblee-nationale.fr,H,Philippe,Gosselin,député,de la,Manche,1,50,Monsieur le député,UMP,philippe-gosselin
ggosselin@assemblee-nationale.fr,F,Geneviève,Gosselin-Fleury,député,de la,Manche,4,50,Madame la députée,SRC,genevieve-gosselin
pgot@assemblee-nationale.fr,F,Pascale,Got,député,de la,Gironde,5,33,Madame la députée,SRC,pascale-got
mgoua@assemblee-nationale.fr,H,Marc,Goua,député,de,Maine-et-Loire,2,49,Monsieur le député,SRC,marc-goua
pgoujon@assemblee-nationale.fr,H,Philippe,Goujon,député,de,Paris,12,75,Monsieur le député,UMP,philippe-goujon
contact@lindagourjade.fr,F,Linda,Gourjade,député,du,Tarn,3,81,Madame la députée,SRC,linda-gourjade
lgrandguillaume@assemblee-nationale.fr,H,Laurent,Grandguillaume,député,de la,Côte-d'Or,1,21,Monsieur le député,SRC,laurent-grandguillaume
cgreff@assemblee-nationale.fr,F,Claude,Greff,député,d',Indre-et-Loire,2,37,Madame la députée,UMP,claude-greff
jgrellier@assemblee-nationale.fr,H,Jean,Grellier,député,des,Deux-Sèvres,3,79,Monsieur le député,SRC,jean-grellier
agrommerch@assemblee-nationale.fr,F,Anne,Grommerch,député,de la,Moselle,9,57,Madame la députée,UMP,anne-grommerch
agrosskost@assemblee-nationale.fr,F,Arlette,Grosskost,député,du,Haut-Rhin,5,68,Madame la députée,UMP,arlette-grosskost
sgrouard@assemblee-nationale.fr,H,Serge,Grouard,député,du,Loiret,2,45,Monsieur le député,UMP,serge-grouard
hguaino@assemblee-nationale.fr,H,Henri,Guaino,député,des,Yvelines,3,78,Monsieur le député,UMP,henri-guaino
fguegot@assemblee-nationale.fr,F,Françoise,Guégot,député,de,Seine-Maritime,2,76,Madame la députée,UMP,francoise-guegot
egueugneau@assemblee-nationale.fr,F,Edith,Gueugneau,député,de,Saône-et-Loire,2,71,Madame la députée,SRC,edith-gueugneau
jcguibal@assemblee-nationale.fr,H,Jean-Claude,Guibal,député,des,Alpes-Maritimes,4,6,Monsieur le député,UMP,jean-claude-guibal
eguigou@assemblee-nationale.fr,F,Elisabeth,Guigou,député,de,Seine-Saint-Denis,6,93,Madame la députée,SRC,elisabeth-guigou
jjguillet@assemblee-nationale.fr,H,Jean-Jacques,Guillet,député,des,Hauts-de-Seine,8,92,Monsieur le député,UMP,jean-jacques-guillet
cguilloteau@assemblee-nationale.fr,H,Christophe,Guilloteau,député,du,Rhône,10,69,Monsieur le député,UMP,christophe-guilloteau
cguittet@assemblee-nationale.fr,F,Chantal,Guittet,député,du,Finistère,5,29,Madame la députée,SRC,chantal-guittet
dhabib@assemblee-nationale.fr,H,David,Habib,député,des,Pyrénées-Atlantiques,3,64,Monsieur le député,SRC,david-habib
mhabib@assemblee-nationale.fr,H,Meyer,Habib,député,des,Français établis hors de France,8,999,Monsieur le député,UDI,meyer-habib
rhammadi@assemblee-nationale.fr,H,Razzy,Hammadi,député,de la,Seine-Saint-Denis,7,93,Monsieur le député,SRC,razzy-hammadi
bhamon@assemblee-nationale.fr,H,Benoît,Hamon,député,des,Yvelines,11,78,Monsieur le député,SRC,benoit-hamon
mhanotin@assemblee-nationale.fr,H,Mathieu,Hanotin,député,de la,Seine-Saint-Denis,2,93,Monsieur le député,SRC,mathieu-hanotin
mheinrich@assemblee-nationale.fr,H,Michel,Heinrich,député,des,Vosges,1,88,Monsieur le député,UMP,michel-heinrich
mherbillon@assemblee-nationale.fr,H,Michel,Herbillon,député,du,Val-de-Marne,8,94,Monsieur le député,UMP,michel-herbillon
aherth@assemblee-nationale.fr,H,Antoine,Herth,député,du,Bas-Rhin,5,67,Monsieur le député,UMP,antoine-herth
phetzel@assemblee-nationale.fr,H,Patrick,Hetzel,député,du,Bas-Rhin,7,67,Monsieur le député,UMP,patrick-hetzel
fhillmeyer@assemblee-nationale.fr,H,Francis,Hillmeyer,député,du,Haut-Rhin,6,68,Monsieur le député,UDI,francis-hillmeyer
ghobert@assemblee-nationale.fr,F,Gilda,Hobert,député,du,Rhône,1,69,Madame la députée,RRDP,gilda-hobert
phouillon@assemblee-nationale.fr,H,Philippe,Houillon,député,du,Val-d'Oise,1,95,Monsieur le député,UMP,philippe-houillon
ghuet@assemblee-nationale.fr,H,Guénhaël,Huet,député,de la,Manche,2,50,Monsieur le député,UMP,guenhael-huet
jhuillier@assemblee-nationale.fr,F,Joëlle,Huillier,député,de l',Isère,10,38,Madame la députée,SRC,joelle-huillier
chutin@assemblee-nationale.fr,H,Christian,Hutin,député,du,Nord,13,59,Monsieur le député,SRC,christian-hutin
shuyghe@assemblee-nationale.fr,H,Sébastien,Huyghe,député,du,Nord,5,59,Monsieur le député,UMP,sebastien-huyghe
miborra@assemblee-nationale.fr,F,Monique,Iborra,député,de la,Haute-Garonne,6,31,Madame la députée,SRC,monique-iborra
fimbert@assemblee-nationale.fr,F,Françoise,Imbert,député,de la,Haute-Garonne,5,31,Madame la députée,SRC,francoise-imbert
missindou@assemblee-nationale.fr,H,Michel,Issindou,député,de l',Isère,2,38,Monsieur le député,SRC,michel-issindou
cjacob@assemblee-nationale.fr,H,Christian,Jacob,député,de,Seine-et-Marne,4,77,Monsieur le député,UMP,christian-jacob
djacquat@assemblee-nationale.fr,H,Denis,Jacquat,député,de la,Moselle,2,57,Monsieur le député,UMP,denis-jacquat
ejalton@assemblee-nationale.fr,H,Eric,Jalton,député,de la,Guadeloupe,1,971,Monsieur le député,SRC,eric-jalton
sjanquin@assemblee-nationale.fr,H,Serge,Janquin,député,du,Pas-de-Calais,10,62,Monsieur le député,SRC,serge-janquin
yjego@assemblee-nationale.fr,H,Yves,Jégo,député,de,Seine-et-Marne,3,77,Monsieur le député,UDI,yves-jego
hjibrayel@assemblee-nationale.fr,H,Henri,Jibrayel,député,des,Bouches-du-Rhône,7,13,Monsieur le député,SRC,henri-jibrayel
rjuanico@assemblee-nationale.fr,H,Régis,Juanico,député,de la,Loire,1,42,Monsieur le député,SRC,regis-juanico
ajung@assemblee-nationale.fr,H,Armand,Jung,député,du,Bas-Rhin,1,67,Monsieur le député,SRC,armand-jung
lkalinowski@assemblee-nationale.fr,H,Laurent,Kalinowski,député,de la,Moselle,6,57,Monsieur le député,SRC,laurent-kalinowski
mkaramanli@assemblee-nationale.fr,F,Marietta,Karamanli,député,de la,Sarthe,2,72,Madame la députée,SRC,marietta-karamanli
pkemel@assemblee-nationale.fr,H,Philippe,Kemel,député,du,Pas-de-Calais,11,62,Monsieur le député,SRC,philippe-kemel
ckert@assemblee-nationale.fr,H,Christian,Kert,député,des,Bouches-du-Rhône,11,13,Monsieur le député,UMP,christian-kert
ckhirouni@assemblee-nationale.fr,F,Chaynesse,Khirouni,député,de,Meurthe-et-Moselle,1,54,Madame la députée,SRC,chaynesse-khirouni
nkosciusko-morizet@assemblee-nationale.fr,F,Nathalie,Kosciusko-Morizet,député,de l',Essonne,4,91,Madame la députée,UMP,nathalie-kosciusko-morizet
jkossowski@assemblee-nationale.fr,H,Jacques,Kossowski,député,des,Hauts-de-Seine,3,92,Monsieur le député,UMP,jacques-kossowski
jkrabal@assemblee-nationale.fr,H,Jacques,Krabal,député,de l',Aisne,5,2,Monsieur le député,RRDP,jacques-krabal
plabaune@assemblee-nationale.fr,H,Patrick,Labaune,député,de la,Drôme,1,26,Monsieur le député,UMP,patrick-labaune
blaclais@assemblee-nationale.fr,F,Bernadette,Laclais,député,de la,Savoie,4,73,Madame la députée,SRC,bernadette-laclais
vlacroute@assemblee-nationale.fr,F,Valérie,Lacroute,député,de,Seine-et-Marne,2,77,Madame la députée,UMP,valerie-lacroute
clacuey@assemblee-nationale.fr,F,Conchita,Lacuey,député,de la,Gironde,4,33,Madame la députée,SRC,conchita-lacuey
mlaffineur@assemblee-nationale.fr,H,Marc,Laffineur,député,de,Maine-et-Loire,7,49,Monsieur le député,UMP,marc-laffineur
jclagarde@assemblee-nationale.fr,H,Jean-Christophe,Lagarde,député,de la,Seine-Saint-Denis,5,93,Monsieur le député,UDI,jean-christophe-lagarde
slagarde@assemblee-nationale.fr,F,Sonia,Lagarde,député,de la,Nouvelle-Calédonie,1,988,Madame la députée,UDI,sonia-lagarde
fmlambert@assemblee-nationale.fr,H,François-Michel,Lambert,député,des,Bouches-du-Rhône,10,13,Monsieur le député,ECOLO,francois-michel-lambert
jlambert@assemblee-nationale.fr,H,Jérôme,Lambert,député,de la,Charente,3,16,Monsieur le député,RRDP,jerome-lambert
jlamblin@assemblee-nationale.fr,H,Jacques,Lamblin,député,de,Meurthe-et-Moselle,4,54,Monsieur le député,UMP,jacques-lamblin
jflamour@assemblee-nationale.fr,H,Jean-François,Lamour,député,de,Paris,13,75,Monsieur le député,UMP,jean-francois-lamour
flamy@assemblee-nationale.fr,H,François,Lamy,député,de l',Essonne,6,91,Monsieur le député,SRC,francois-lamy
alang@assemblee-nationale.fr,F,Anne-Christine,Lang,député,de,Paris,9,75,Madame la députée,SRC,anne-christine-lang
clanglade@assemblee-nationale.fr,F,Colette,Langlade,député,de  la,Dordogne,3,24,Madame la députée,SRC,colette-langlade
glarrive@assemblee-nationale.fr,H,Guillaume,Larrivé,député,de l',Yonne,1,89,Monsieur le député,UMP,guillaume-larrive
jlassalle@assemblee-nationale.fr,H,Jean,Lassalle,député,des,Pyrénées-Atlantiques,4,64,Monsieur le député,NI,jean-lassalle
jlaunay@assemblee-nationale.fr,H,Jean,Launay,député,du,Lot,2,46,Monsieur le député,SRC,jean-launay
jllaurent@assemblee-nationale.fr,H,Jean-Luc,Laurent,député,du,Val-de-Marne,10,94,Monsieur le député,SRC,jean-luc-laurent
tlazaro@assemblee-nationale.fr,H,Thierry,Lazaro,député,du,Nord,6,59,Monsieur le député,UMP,thierry-lazaro
pyleborgn@assemblee-nationale.fr,H,Pierre-Yves,Le Borgn',député,des,Français établis hors de France,7,999,Monsieur le député,SRC,pierre-yves-le-borgn
jylebouillonnec@assemblee-nationale.fr,H,Jean-Yves,Le Bouillonnec,député,du,Val-de-Marne,11,94,Monsieur le député,SRC,jean-yves-le-bouillonnec
glebris@assemblee-nationale.fr,H,Gilbert,Le Bris,député,du,Finistère,8,29,Monsieur le député,SRC,gilbert-le-bris
ilecallennec@assemblee-nationale.fr,F,Isabelle,Le Callennec,député,de l',Ille-et-Vilaine,5,35,Madame la députée,UMP,isabelle-le-callennec
ayledain@assemblee-nationale.fr,F,Anne-Yvonne,Le Dain,député,de l',Hérault,2,34,Madame la députée,SRC,anne-yvonne-le-dain
jyledeaut@assemblee-nationale.fr,H,Jean-Yves,Le Déaut,député,de,Meurthe-et-Moselle,6,54,Monsieur le député,SRC,jean-yves-le-deaut
vledissez@assemblee-nationale.fr,F,Viviane,Le Dissez,député,des,Côtes-d'Armor,2,22,Madame la députée,SRC,viviane-le-dissez
mlefur@assemblee-nationale.fr,H,Marc,Le Fur,député,des,Côtes-d'Armor,3,22,Monsieur le député,UMP,marc-le-fur
alehouerou@assemblee-nationale.fr,F,Annie,Le Houerou,député,des,Côtes-d'Armor,4,22,Madame la députée,SRC,annie-le-houerou
aleloch@assemblee-nationale.fr,F,Annick,Le Loch,député,du,Finistère,7,29,Madame la députée,SRC,annick-le-loch
blemaire@assemblee-nationale.fr,H,Bruno,Le Maire,député,de l',Eure,1,27,Monsieur le député,UMP,bruno-le-maire
dlemener@assemblee-nationale.fr,H,Dominique,Le Mèner,député,de la,Sarthe,5,72,Monsieur le député,UMP,dominique-le-mener
pleray@assemblee-nationale.fr,H,Philippe,Le Ray,député,du,Morbihan,2,56,Monsieur le député,UMP,philippe-le-ray
jpleroch@assemblee-nationale.fr,H,Jean-Pierre,Le Roch,député,du,Morbihan,3,56,Monsieur le député,SRC,jean-pierre-le-roch
bleroux@assemblee-nationale.fr,H,Bruno,Le Roux,député,de la,Seine-Saint-Denis,1,93,Monsieur le député,SRC,bruno-le-roux
mlevern@assemblee-nationale.fr,F,Marie,Le Vern,député,de,Seine-Maritime,6,76,Madame la députée,SRC,marie-le-vern
aleboeuf@assemblee-nationale.fr,H,Alain,Leboeuf,député,de la,Vendée,1,85,Monsieur le député,UMP,alain-leboeuf
plebreton@assemblee-nationale.fr,H,Patrick,Lebreton,député,de la,Réunion,4,974,Monsieur le député,SRC,patrick-lebreton
mlefait@assemblee-nationale.fr,H,Michel,Lefait,député,du,Pas-de-Calais,8,62,Monsieur le député,SRC,michel-lefait
dlefebvre@assemblee-nationale.fr,H,Dominique,Lefebvre,député,du,Val-d'Oise,10,95,Monsieur le député,SRC,dominique-lefebvre
flefebvre@assemblee-nationale.fr,H,Frédéric,Lefebvre,député,des,Français établis hors de France,1,999,Monsieur le député,UMP,frederic-lefebvre
plellouche@assemblee-nationale.fr,H,Pierre,Lellouche,député,de,Paris,1,75,Monsieur le député,UMP,pierre-lellouche
plemasle@assemblee-nationale.fr,H,Patrick,Lemasle,député,de la,Haute-Garonne,7,31,Monsieur le député,SRC,patrick-lemasle
clemorton@assemblee-nationale.fr,F,Catherine,Lemorton,député,de la,Haute-Garonne,1,31,Madame la députée,SRC,catherine-lemorton
cleonard@assemblee-nationale.fr,H,Christophe,Léonard,député,des,Ardennes,2,8,Monsieur le député,SRC,christophe-leonard
jleonetti@assemblee-nationale.fr,H,Jean,Leonetti,député,des,Alpes-Maritimes,7,6,Monsieur le député,UMP,jean-leonetti
alepetit@assemblee-nationale.fr,F,Annick,Lepetit,député,de,Paris,3,75,Madame la députée,SRC,annick-lepetit
plequiller@assemblee-nationale.fr,H,Pierre,Lequiller,député,des,Yvelines,4,78,Monsieur le député,UMP,pierre-lequiller
aleroy@assemblee-nationale.fr,H,Arnaud,Leroy,député,des,Français établis hors de France,5,999,Monsieur le député,SRC,arnaud-leroy
mleroy@assemblee-nationale.fr,H,Maurice,Leroy,député,du,Loir-et-Cher,3,41,Monsieur le député,UDI,maurice-leroy
mlesage@assemblee-nationale.fr,H,Michel,Lesage,député,des,Côtes-d'Armor,1,22,Monsieur le député,SRC,michel-lesage
blesterlin@assemblee-nationale.fr,H,Bernard,Lesterlin,député,de l',Allier,2,3,Monsieur le député,SRC,bernard-lesterlin
sletchimy@assemblee-nationale.fr,H,Serge,Letchimy,député,de la,Martinique,3,972,Monsieur le député,SRC,serge-letchimy
clett@assemblee-nationale.fr,H,Céleste,Lett,député,de la,Moselle,5,57,Monsieur le député,UMP,celeste-lett
glevy@assemblee-nationale.fr,F,Geneviève,Levy,député,du,Var,1,83,Madame la députée,UMP,genevieve-levy
mliebgott@assemblee-nationale.fr,H,Michel,Liebgott,député,de la,Moselle,8,57,Monsieur le député,SRC,michel-liebgott
mlignieres-cassou@assemblee-nationale.fr,F,Martine,Lignières-Cassou,député,des,Pyrénées-Atlantiques,1,64,Madame la députée,SRC,martine-lignieres-cassou
alinkenheld@assemblee-nationale.fr,F,Audrey,Linkenheld,député,du,Nord,2,59,Madame la députée,SRC,audrey-linkenheld
floncle@assemblee-nationale.fr,H,François,Loncle,député,de l',Eure,4,27,Monsieur le député,SRC,francois-loncle
glouis-carabin@assemblee-nationale.fr,F,Gabrielle,Louis-Carabin,député,de la,Guadeloupe,2,971,Madame la députée,SRC,gabrielle-louis-carabin
llousteau@assemblee-nationale.fr,F,Lucette,Lousteau,député,de,Lot-et-Garonne,1,47,Madame la députée,SRC,lucette-lousteau
vlouwagie@assemblee-nationale.fr,F,Véronique,Louwagie,député,de l',Orne,2,61,Madame la députée,UMP,veronique-louwagie
lluca@assemblee-nationale.fr,H,Lionnel,Luca,député,des,Alpes-Maritimes,6,6,Monsieur le député,UMP,lionnel-luca
vlurel@assemblee-nationale.fr,H,Victorin,Lurel,député,de la,Guadeloupe,4,971,Monsieur le député,SRC,victorin-lurel
glurton@assemblee-nationale.fr,H,Gilles,Lurton,député,d',Ille-et-Vilaine,7,35,Monsieur le député,UMP,gilles-lurton
jpmaggi@assemblee-nationale.fr,H,Jean-Pierre,Maggi,député,des,Bouches-du-Rhône,8,13,Monsieur le député,SRC,jean-pierre-maggi
nmamere@assemblee-nationale.fr,H,Noël,Mamère,député,de la,Gironde,3,33,Monsieur le député,ECOLO,noel-mamere
jfmancel@assemblee-nationale.fr,H,Jean-François,Mancel,député,de l',Oise,2,60,Monsieur le député,UMP,jean-francois-mancel
jmaquet@assemblee-nationale.fr,F,Jacqueline,Maquet,député,du,Pas-de-Calais,2,62,Madame la députée,SRC,jacqueline-maquet
lmarcangeli@assemblee-nationale.fr,H,Laurent,Marcangeli,député,de la,Corse-du-Sud,1,2A,Monsieur le député,UMP,laurent-marcangeli
mlmarcel@assemblee-nationale.fr,F,Marie-Lou,Marcel,député,de l',Aveyron,2,12,Madame la députée,SRC,marie-lou-marcel
mmarechallepen@assemblee-nationale.fr,F,Marion,Maréchal-Le Pen,député,du,Vaucluse,3,84,Madame la députée,NI,marion-marechal-le-pen
tmariani@assemblee-nationale.fr,H,Thierry,Mariani,député,des,Français établis hors de France,11,999,Monsieur le député,UMP,thierry-mariani
amarie-jeanne@assemblee-nationale.fr,H,Alfred,Marie-Jeanne,député,de la,Martinique,1,972,Monsieur le député,GDR,alfred-marie-jeanne
hmariton@assemblee-nationale.fr,H,Hervé,Mariton,député,de la,Drôme,3,26,Monsieur le député,UMP,herve-mariton
amarleix@assemblee-nationale.fr,H,Alain,Marleix,député,du,Cantal,2,15,Monsieur le député,UMP,alain-marleix
omarleix@assemblee-nationale.fr,H,Olivier,Marleix,député,d',Eure-et-Loir,2,28,Monsieur le député,UMP,olivier-marleix
fmarlin@assemblee-nationale.fr,H,Franck,Marlin,député,de l',Essonne,2,91,Monsieur le député,UMP,franck-marlin
jrmarsac@assemblee-nationale.fr,H,Jean-René,Marsac,député,d',Ille-et-Vilaine,4,35,Monsieur le député,SRC,jean-rene-marsac
amarsaud@assemblee-nationale.fr,H,Alain,Marsaud,député,des,Français établis hors de France,10,999,Monsieur le député,UMP,alain-marsaud
pmartin@assemblee-nationale.fr,H,Philippe,Martin,député,du,Gers,1,32,Monsieur le député,SRC,philippe-martin
pamartin@assemblee-nationale.fr,H,Philippe Armand,Martin,député,de la,Marne,3,51,Monsieur le député,UMP,philippe-armand-martin
pmartin-lalande@assemblee-nationale.fr,H,Patrice,Martin-Lalande,député,du,Loir-et-Cher,2,41,Monsieur le député,UMP,patrice-martin-lalande
mmartinel@assemblee-nationale.fr,F,Martine,Martinel,député,de la,Haute-Garonne,4,31,Madame la députée,SRC,martine-martinel
amarty@assemblee-nationale.fr,H,Alain,Marty,député,de la,Moselle,4,57,Monsieur le député,UMP,alain-marty
fmassat@assemblee-nationale.fr,F,Frédérique,Massat,député,de l',Ariège,1,9,Madame la députée,SRC,frederique-massat
vmassonneau@assemblee-nationale.fr,F,Véronique,Massonneau,député,de la,Vienne,4,86,Madame la députée,ECOLO,veronique-massonneau
jcmathis@assemblee-nationale.fr,H,Jean-Claude,Mathis,député,de l',Aube,2,10,Monsieur le député,UMP,jean-claude-mathis
smazetier@assemblee-nationale.fr,F,Sandrine,Mazetier,député,de,Paris,8,75,Madame la députée,SRC,sandrine-mazetier
mmenard@assemblee-nationale.fr,H,Michel,Ménard,député,de la,Loire-Atlantique,5,44,Monsieur le député,SRC,michel-menard
pmennucci@assemblee-nationale.fr,H,Patrick,Mennucci,député,des,Bouches-du-Rhône,4,13,Monsieur le député,SRC,patrick-mennucci
gmenuel@assemblee-nationale.fr,H,Gérard,Menuel,député,de l',Aube,3,10,Monsieur le député,UMP,gerard-menuel
dmeslot@assemblee-nationale.fr,H,Damien,Meslot,député,du,Territoire-de-Belfort,1,90,Monsieur le député,UMP,damien-meslot
kmesquida@assemblee-nationale.fr,H,Kléber,Mesquida,député,de l',Hérault,5,34,Monsieur le député,SRC,kleber-mesquida
pmeunier@assemblee-nationale.fr,H,Philippe,Meunier,député,du,Rhône,13,69,Monsieur le député,UMP,philippe-meunier
jcmignon@assemblee-nationale.fr,H,Jean-Claude,Mignon,député,de,Seine-et-Marne,1,77,Monsieur le député,UMP,jean-claude-mignon
jmoignard@assemblee-nationale.fr,H,Jacques,Moignard,député,de,Tarn-et-Garonne,2,82,Monsieur le député,RRDP,jacques-moignard
pmolac@assemblee-nationale.fr,H,Paul,Molac,député,du,Morbihan,4,56,Monsieur le député,ECOLO,paul-molac
pmorange@assemblee-nationale.fr,H,Pierre,Morange,député,des,Yvelines,6,78,Monsieur le député,UMP,pierre-morange
ymoreau@assemblee-nationale.fr,H,Yannick,Moreau,député,de la,Vendée,3,85,Monsieur le député,UMP,yannick-moreau
pmorelalhuissier@assemblee-nationale.fr,H,Pierre,Morel-A-L'Huissier,député,de la,Lozère,1,48,Monsieur le député,UMP,pierre-morel-a-l-huissier
hmorin@assemblee-nationale.fr,H,Hervé,Morin,député,de l',Eure,3,27,Monsieur le député,UDI,herve-morin
amoyne-bressand@assemblee-nationale.fr,H,Alain,Moyne-Bressand,député,de l',Isère,6,38,Monsieur le député,UMP,alain-moyne-bressand
pamuet@assemblee-nationale.fr,H,Pierre-Alain,Muet,député,du,Rhône,2,69,Monsieur le député,SRC,pierre-alain-muet
jmyard@assemblee-nationale.fr,H,Jacques,Myard,député,des,Yvelines,5,78,Monsieur le député,UMP,jacques-myard
dnachury@assemblee-nationale.fr,F,Dominique,Nachury,député,du,Rhône,4,69,Madame la députée,UMP,dominique-nachury
pnauche@assemblee-nationale.fr,H,Philippe,Nauche,député,de la,Corrèze,2,19,Monsieur le député,SRC,philippe-nauche
ynicolin@assemblee-nationale.fr,H,Yves,Nicolin,député,de la,Loire,5,42,Monsieur le député,UMP,yves-nicolin
nnieson@assemblee-nationale.fr,F,Nathalie,Nieson,député,de la,Drôme,4,26,Madame la députée,SRC,nathalie-nieson
jpnilor@assemblee-nationale.fr,H,Jean-Philippe,Nilor,député,de la,Martinique,4,972,Monsieur le député,GDR,jean-philippe-nilor
pnogues@assemblee-nationale.fr,H,Philippe,Noguès,député,du,Morbihan,6,56,Monsieur le député,SRC,philippe-nogues
rolive@assemblee-nationale.fr,H,Robert,Olive,député,des,Pyrénées-Orientales,3,66,Monsieur le député,SRC,robert-olive
molivier@assemblee-nationale.fr,F,Maud,Olivier,député,de l',Essonne,5,91,Madame la députée,SRC,maud-olivier
pollier@assemblee-nationale.fr,H,Patrick,Ollier,député,des,Hauts-de-Seine,7,92,Monsieur le député,UMP,patrick-ollier
dorliac@assemblee-nationale.fr,F,Dominique,Orliac,député,du,Lot,1,46,Madame la députée,RRDP,dominique-orliac
morphe@assemblee-nationale.fr,F,Monique,Orphé,député,de la,Réunion,6,974,Madame la députée,SRC,monique-orphe
mpajon@assemblee-nationale.fr,H,Michel,Pajon,député,de la,Seine-Saint-Denis,3,93,Monsieur le député,SRC,michel-pajon
bpancher@assemblee-nationale.fr,H,Bertrand,Pancher,député,de la,Meuse,1,55,Monsieur le député,UDI,bertrand-pancher
lpane@assemblee-nationale.fr,F,Luce,Pane,député,de,Seine-Maritime,3,76,Madame la députée,SRC,luce-pane
cpaul@assemblee-nationale.fr,H,Christian,Paul,député,de la,Nièvre,2,58,Monsieur le député,SRC,christian-paul
rpauvros@assemblee-nationale.fr,H,Rémi,Pauvros,député,du,Nord,3,59,Monsieur le député,SRC,remi-pauvros
gpeiro@assemblee-nationale.fr,H,Germinal,Peiro,député,de la,Dordogne,4,24,Monsieur le député,SRC,germinal-peiro
jpelissard@assemblee-nationale.fr,H,Jacques,Pélissard,député,du,Jura,1,39,Monsieur le député,UMP,jacques-pelissard
hpellois@assemblee-nationale.fr,H,Hervé,Pellois,député,du,Morbihan,1,56,Monsieur le député,SRC,herve-pellois
jcperez@assemblee-nationale.fr,H,Jean-Claude,Perez,député,de l',Aude,1,11,Monsieur le député,SRC,jean-claude-perez
bperrut@assemblee-nationale.fr,H,Bernard,Perrut,député,du,Rhône,9,69,Monsieur le député,UMP,bernard-perrut
ephilippe@assemblee-nationale.fr,H,Edouard,Philippe,député,de la,Seine-Maritime,7,76,Monsieur le député,UMP,edouard-philippe
spietrasanta@assemblee-nationale.fr,H,Sébastien,Pietrasanta,député,des,Hauts-de-Seine,2,92,Monsieur le député,SRC,sebastien-pietrasanta
cpiresbeaune@assemblee-nationale.fr,F,Christine,Pires Beaune,député,du,Puy-de-Dôme,2,63,Madame la députée,SRC,christine-pires-beaune
mpiron@assemblee-nationale.fr,H,Michel,Piron,député,de,Maine-et-Loire,4,49,Monsieur le député,UDI,michel-piron
pplisson@assemblee-nationale.fr,H,Philippe,Plisson,député,de la,Gironde,11,33,Monsieur le député,SRC,philippe-plisson
epochon@assemblee-nationale.fr,F,Elisabeth,Pochon,député,de,Seine-Saint-Denis,8,93,Madame la députée,SRC,elisabeth-pochon
jfpoisson@assemblee-nationale.fr,H,Jean-Frédéric,Poisson,député,des,Yvelines,10,78,Monsieur le député,UMP,jean-frederic-poisson
bpoletti@assemblee-nationale.fr,F,Bérengère,Poletti,député,des,Ardennes,1,8,Madame la députée,UMP,berengere-poletti
npolutele@assemblee-nationale.fr,H,Napole,Polutélé,député,de,Wallis-et-Futuna,1,986,Monsieur le député,SRC,napole-polutele
bpompili@assemblee-nationale.fr,F,Barbara,Pompili,député,de la,Somme,2,80,Madame la députée,ECOLO,barbara-pompili
aponiatowski@assemblee-nationale.fr,H,Axel,Poniatowski,député,du,Val-d'Oise,2,95,Monsieur le député,UMP,axel-poniatowski
jpons@assemblee-nationale.fr,F,Josette,Pons,député,du,Var,6,83,Madame la députée,UMP,josette-pons
ppopelin@assemblee-nationale.fr,H,Pascal,Popelin,député,de la,Seine-Saint-Denis,12,93,Monsieur le député,SRC,pascal-popelin
dpotier@assemblee-nationale.fr,H,Dominique,Potier,député,de,Meurthe-et-Moselle,5,54,Monsieur le député,SRC,dominique-potier
mpouzol@assemblee-nationale.fr,H,Michel,Pouzol,député,de l',Essonne,3,91,Monsieur le député,SRC,michel-pouzol
rpoveda@assemblee-nationale.fr,F,Régine,Povéda,député,de,Lot-et-Garonne,2,47,Madame la députée,SRC,regine-poveda
paprat@assemblee-nationale.fr,H,Patrice,Prat,député,du,Gard,3,30,Monsieur le député,SRC,patrice-prat
cpremat@assemblee-nationale.fr,H,Christophe,Premat,député,des,Français établis hors de France,3,999,Monsieur le député,SRC,christophe-premat
cpriou@assemblee-nationale.fr,H,Christophe,Priou,député,de la,Loire-Atlantique,7,44,Monsieur le député,UMP,christophe-priou
jpueyo@assemblee-nationale.fr,H,Joaquim,Pueyo,député,de l',Orne,1,61,Monsieur le député,SRC,joaquim-pueyo
fpupponi@assemblee-nationale.fr,H,François,Pupponi,député,du,Val-d'Oise,8,95,Monsieur le député,SRC,francois-pupponi
dquentin@assemblee-nationale.fr,H,Didier,Quentin,député,de la,Charente-Maritime,5,17,Monsieur le député,UMP,didier-quentin
cquere@assemblee-nationale.fr,F,Catherine,Quéré,député,de,Charente-Maritime,3,17,Madame la députée,SRC,catherine-quere
vrabault@assemblee-nationale.fr,F,Valérie,Rabault,député,du,Tarn-et-Garonne,1,82,Madame la députée,SRC,valerie-rabault
mrabin@assemblee-nationale.fr,F,Monique,Rabin,député,de,Loire-Atlantique,9,44,Madame la députée,SRC,monique-rabin
draimbourg@assemblee-nationale.fr,H,Dominique,Raimbourg,député,de la,Loire-Atlantique,4,44,Monsieur le député,SRC,dominique-raimbourg
mrecalde@assemblee-nationale.fr,F,Marie,Récalde,député,de la,Gironde,6,33,Madame la députée,SRC,marie-recalde
freiss@assemblee-nationale.fr,H,Frédéric,Reiss,député,du,Bas-Rhin,8,67,Monsieur le député,UMP,frederic-reiss
jlreitzer@assemblee-nationale.fr,H,Jean-Luc,Reitzer,député,du,Haut-Rhin,3,68,Monsieur le député,UMP,jean-luc-reitzer
mlreynaud@assemblee-nationale.fr,F,Marie-Line,Reynaud,député,de la,Charente,2,16,Madame la députée,SRC,marie-line-reynaud
breynes@assemblee-nationale.fr,H,Bernard,Reynès,député,des,Bouches-du-Rhône,15,13,Monsieur le député,UMP,bernard-reynes
freynier@assemblee-nationale.fr,H,Franck,Reynier,député,de la,Drôme,2,26,Monsieur le député,UDI,franck-reynier
pribeaud@assemblee-nationale.fr,H,Pierre,Ribeaud,député,de l',Isère,5,38,Monsieur le député,SRC,pierre-ribeaud
arichard@assemblee-nationale.fr,H,Arnaud,Richard,député,des,Yvelines,7,78,Monsieur le député,UDI,arnaud-richard
friester@assemblee-nationale.fr,H,Franck,Riester,député,de,Seine-et-Marne,5,77,Monsieur le député,UMP,franck-riester
erihancypel@assemblee-nationale.fr,H,Eduardo,Rihan Cypel,député,de,Seine-et-Marne,8,77,Monsieur le député,SRC,eduardo-rihan-cypel
trobert@assemblee-nationale.fr,H,Thierry,Robert,député,de la,Réunion,7,974,Monsieur le député,RRDP,thierry-robert
drobiliard@assemblee-nationale.fr,H,Denys,Robiliard,député,du,Loir-et-Cher,1,41,Monsieur le député,SRC,denys-robiliard
arobinet@assemblee-nationale.fr,H,Arnaud,Robinet,député,de la,Marne,1,51,Monsieur le député,UMP,arnaud-robinet
frochebloine@assemblee-nationale.fr,H,François,Rochebloine,député,de la,Loire,3,42,Monsieur le député,UDI,francois-rochebloine
arodet@assemblee-nationale.fr,H,Alain,Rodet,député,de la,Haute-Vienne,1,87,Monsieur le député,SRC,alain-rodet
mrogemont@assemblee-nationale.fr,H,Marcel,Rogemont,député,d',Ille-et-Vilaine,8,35,Monsieur le député,SRC,marcel-rogemont
srohfritsch@assemblee-nationale.fr,F,Sophie,Rohfritsch,député,du,Bas-Rhin,4,67,Madame la députée,UMP,sophie-rohfritsch
froig@assemblee-nationale.fr,H,Frédéric,Roig,député,de l',Hérault,4,34,Monsieur le député,SRC,frederic-roig
bromagnan@assemblee-nationale.fr,F,Barbara,Romagnan,député,du,Doubs,1,25,Madame la députée,SRC,barbara-romagnan
broman@assemblee-nationale.fr,H,Bernard,Roman,député,du,Nord,1,59,Monsieur le député,SRC,bernard-roman
grouillard@assemblee-nationale.fr,H,Gwendal,Rouillard,député,du,Morbihan,5,56,Monsieur le député,SRC,gwendal-rouillard
jlroumegas@assemblee-nationale.fr,H,Jean-Louis,Roumegas,député,de l',Hérault,1,34,Monsieur le député,ECOLO,jean-louis-roumegas
rrouquet@assemblee-nationale.fr,H,René,Rouquet,député,du,Val-de-Marne,9,94,Monsieur le député,SRC,rene-rouquet
arousset@assemblee-nationale.fr,H,Alain,Rousset,député,de la,Gironde,7,33,Monsieur le député,SRC,alain-rousset
msaddier@assemblee-nationale.fr,H,Martial,Saddier,député,de la,Haute-Savoie,3,74,Monsieur le député,UMP,martial-saddier
msage@assemblee-nationale.fr,F,Maina,Sage,député,de la,Polynésie Française,1,987,Madame la députée,UDI,maina-sage
bsaid@assemblee-nationale.fr,H,Boinali,Said,député,de,Mayotte,1,976,Monsieur le député,SRC,boinali-said
ssaintandre@assemblee-nationale.fr,H,Stéphane,Saint-André,député,du,Pas-de-Calais,9,62,Monsieur le député,RRDP,stephane-saint-andre
psalen@assemblee-nationale.fr,H,Paul,Salen,député,de la,Loire,6,42,Monsieur le député,UMP,paul-salen
rsalles@assemblee-nationale.fr,H,Rudy,Salles,député,des,Alpes-Maritimes,3,6,Monsieur le député,UDI,rudy-salles
nsansu@assemblee-nationale.fr,H,Nicolas,Sansu,député,du,Cher,2,18,Monsieur le député,GDR,nicolas-sansu
bsantais@assemblee-nationale.fr,F,Béatrice,Santais,député,de la,Savoie,3,73,Madame la députée,SRC,beatrice-santais
asantini@assemblee-nationale.fr,H,André,Santini,député,des,Hauts-de-Seine,10,92,Monsieur le député,UDI,andre-santini
esas@assemblee-nationale.fr,F,Eva,Sas,député,de l',Essonne,7,91,Madame la députée,ECOLO,eva-sas
osaugues@assemblee-nationale.fr,F,Odile,Saugues,député,du,Puy-de-Dôme,1,63,Madame la députée,SRC,odile-saugues
fsauvadet@assemblee-nationale.fr,H,François,Sauvadet,député,de la,Côte-d'Or,4,21,Monsieur le député,UDI,francois-sauvadet
gsauvan@assemblee-nationale.fr,H,Gilbert,Sauvan,député,des,Alpes-de-Haute-Provence,1,4,Monsieur le député,SRC,gilbert-sauvan
gsavary@assemblee-nationale.fr,H,Gilles,Savary,député,de la,Gironde,9,33,Monsieur le député,SRC,gilles-savary
fscellier@assemblee-nationale.fr,H,François,Scellier,député,du,Val-d'Oise,6,95,Monsieur le député,UMP,francois-scellier
cschmid@assemblee-nationale.fr,F,Claudine,Schmid,député,des,Français établis hors de France,6,999,Madame la députée,UMP,claudine-schmid
aschneider@assemblee-nationale.fr,H,André,Schneider,député,du,Bas-Rhin,3,67,Monsieur le député,UMP,andre-schneider
rgschwartzenberg@assemblee-nationale.fr,H,Roger-Gérard,Schwartzenberg,député,du,Val-de-Marne,3,94,Monsieur le député,RRDP,roger-gerard-schwartzenberg
gsebaoun@assemblee-nationale.fr,H,Gérard,Sebaoun,député,du,Val-d'Oise,4,95,Monsieur le député,SRC,gerard-sebaoun
jmsermier@assemblee-nationale.fr,H,Jean-Marie,Sermier,député,du,Jura,3,39,Monsieur le député,UMP,jean-marie-sermier
gserville@assemblee-nationale.fr,H,Gabriel,Serville,député,de la,Guyane,1,973,Monsieur le député,GDR,gabriel-serville
fsire@assemblee-nationale.fr,H,Fernand,Siré,député,des,Pyrénées-Orientales,2,66,Monsieur le député,UMP,fernand-sire
csirugue@assemblee-nationale.fr,H,Christophe,Sirugue,député,de,Saône-et-Loire,5,71,Monsieur le député,SRC,christophe-sirugue
tsolere@assemblee-nationale.fr,H,Thierry,Solère,député,des,Hauts-de-Seine,9,92,Monsieur le député,UMP,thierry-solere
jsommaruga@assemblee-nationale.fr,F,Julie,Sommaruga,député,des,Hauts-de-Seine,11,92,Madame la députée,SRC,julie-sommaruga
msordi@assemblee-nationale.fr,H,Michel,Sordi,député,du,Haut-Rhin,4,68,Monsieur le député,UMP,michel-sordi
estraumann@assemblee-nationale.fr,H,Eric,Straumann,député,du,Haut-Rhin,1,68,Monsieur le député,UMP,eric-straumann
csturni@assemblee-nationale.fr,H,Claude,Sturni,député,du,Bas-Rhin,9,67,Monsieur le député,UMP,claude-sturni
asuguenot@assemblee-nationale.fr,H,Alain,Suguenot,député,de la,Côte-d'Or,5,21,Monsieur le député,UMP,alain-suguenot
mtabarot@assemblee-nationale.fr,F,Michèle,Tabarot,député,des,Alpes-Maritimes,9,6,Madame la députée,UMP,michele-tabarot
jtahuaitu@assemblee-nationale.fr,H,Jonas,Tahuaitu,député,de la,Polynésie Française,2,987,Monsieur le député,UDI,jonas-tahuaitu
stallard@assemblee-nationale.fr,F,Suzanne,Tallard,député,de,Charente-Maritime,2,17,Madame la députée,SRC,suzanne-tallard
ltardy@assemblee-nationale.fr,H,Lionel,Tardy,député,de la,Haute-Savoie,2,74,Monsieur le député,UMP,lionel-tardy
jctaugourdeau@assemblee-nationale.fr,H,Jean-Charles,Taugourdeau,député,de,Maine-et-Loire,3,49,Monsieur le député,UMP,jean-charles-taugourdeau
gteissier@assemblee-nationale.fr,H,Guy,Teissier,député,des,Bouches-du-Rhône,6,13,Monsieur le député,UMP,guy-teissier
pterrasse@assemblee-nationale.fr,H,Pascal,Terrasse,député,de l',Ardèche,1,7,Monsieur le député,SRC,pascal-terrasse
mterrot@assemblee-nationale.fr,H,Michel,Terrot,député,du,Rhône,12,69,Monsieur le député,UMP,michel-terrot
jmtetart@assemblee-nationale.fr,H,Jean-Marie,Tetart,député,des,Yvelines,9,78,Monsieur le député,UMP,jean-marie-tetart
tthevenoud@assemblee-nationale.fr,H,Thomas,Thévenoud,député,de,Saône-et-Loire,1,71,Monsieur le député,NI,thomas-thevenoud
dtian@assemblee-nationale.fr,H,Dominique,Tian,député,des,Bouches-du-Rhône,2,13,Monsieur le député,UMP,dominique-tian
stolmont@assemblee-nationale.fr,F,Sylvie,Tolmont,député,de la,Sarthe,4,72,Madame la députée,SRC,sylvie-tolmont
jltouraine@assemblee-nationale.fr,H,Jean-Louis,Touraine,député,du,Rhône,3,69,Monsieur le député,SRC,jean-louis-touraine
atourret@assemblee-nationale.fr,H,Alain,Tourret,député,du,Calvados,6,14,Monsieur le député,RRDP,alain-tourret
stravert@assemblee-nationale.fr,H,Stéphane,Travert,député,de la,Manche,3,50,Monsieur le député,SRC,stephane-travert
ctroallic@assemblee-nationale.fr,F,Catherine,Troallic,député,de,Seine-Maritime,8,76,Madame la députée,SRC,catherine-troallic
jptuaiva@assemblee-nationale.fr,H,Jean-Paul,Tuaiva,député,de la,Polynésie Française,3,987,Monsieur le député,UDI,jean-paul-tuaiva
cuntermaier@assemblee-nationale.fr,F,Cécile,Untermaier,député,de,Saône-et-Loire,4,71,Madame la députée,SRC,cecile-untermaier
dvaillant@assemblee-nationale.fr,H,Daniel,Vaillant,député,de,Paris,17,75,Monsieur le député,SRC,daniel-vaillant
jvalax@assemblee-nationale.fr,H,Jacques,Valax,député,du,Tarn,2,81,Monsieur le député,SRC,jacques-valax
fvannson@assemblee-nationale.fr,H,François,Vannson,député,des,Vosges,3,88,Monsieur le député,UMP,francois-vannson
cvautrin@assemblee-nationale.fr,F,Catherine,Vautrin,député,de la,Marne,2,51,Madame la députée,UMP,catherine-vautrin
mvauzelle@assemblee-nationale.fr,H,Michel,Vauzelle,député,des,Bouches-du-Rhône,16,13,Monsieur le député,SRC,michel-vauzelle
fvercamer@assemblee-nationale.fr,H,Francis,Vercamer,député,du,Nord,7,59,Monsieur le député,UDI,francis-vercamer
pverchere@assemblee-nationale.fr,H,Patrice,Verchère,député,du,Rhône,8,69,Monsieur le député,UMP,patrice-verchere
fverdier@assemblee-nationale.fr,H,Fabrice,Verdier,député,du,Gard,4,30,Monsieur le député,SRC,fabrice-verdier
mvergnier@assemblee-nationale.fr,H,Michel,Vergnier,député,de la,Creuse,1,23,Monsieur le député,SRC,michel-vergnier
aviala@assemblee-nationale.fr,H,Arnaud,Viala,député,de l',Aveyron,3,12,Monsieur le député,UMP,arnaud-viala
jsvialatte@assemblee-nationale.fr,H,Jean-Sébastien,Vialatte,député,du,Var,7,83,Monsieur le député,UMP,jean-sebastien-vialatte
jpvigier@assemblee-nationale.fr,H,Jean-Pierre,Vigier,député,de la,Haute-Loire,2,43,Monsieur le député,UMP,jean-pierre-vigier
pvigier@assemblee-nationale.fr,H,Philippe,Vigier,député,d',Eure-et-Loir,4,28,Monsieur le député,UDI,philippe-vigier
pvignal@assemblee-nationale.fr,H,Patrick,Vignal,député,de l',Hérault,9,34,Monsieur le député,SRC,patrick-vignal
fxvillain@assemblee-nationale.fr,H,François-Xavier,Villain,député,du,Nord,18,59,Monsieur le député,UDI,francois-xavier-villain
jmvillaume@assemblee-nationale.fr,H,Jean-Michel,Villaumé,député,de la,Haute-Saône,2,70,Monsieur le député,SRC,jean-michel-villaume
pvitel@assemblee-nationale.fr,H,Philippe,Vitel,député,du,Var,2,83,Monsieur le député,UMP,philippe-vitel
jvlody@assemblee-nationale.fr,H,Jean Jacques,Vlody,député,de la,Réunion,3,974,Monsieur le député,SRC,jean-jacques-vlody
mvoisin@assemblee-nationale.fr,H,Michel,Voisin,député,de l',Ain,4,1,Monsieur le député,UMP,michel-voisin
jlwarsmann@assemblee-nationale.fr,H,Jean-Luc,Warsmann,député,des,Ardennes,3,8,Monsieur le député,UMP,jean-luc-warsmann
lwauquiez@assemblee-nationale.fr,H,Laurent,Wauquiez,député,de la,Haute-Loire,1,43,Monsieur le député,UMP,laurent-wauquiez
ewoerth@assemblee-nationale.fr,H,Eric,Woerth,député,de l',Oise,4,60,Monsieur le député,UMP,eric-woerth
pzanetti@assemblee-nationale.fr,F,Paola,Zanetti,député,de la,Moselle,7,57,Madame la députée,SRC,paola-zanetti
mjzimmermann@assemblee-nationale.fr,F,Marie-Jo,Zimmermann,député,de la,Moselle,3,57,Madame la députée,UMP,marie-jo-zimmermann
mzumkeller@assemblee-nationale.fr,H,Michel,Zumkeller,député,du,Territoire-de-Belfort,2,90,Monsieur le député,UDI,michel-zumkeller