Dép,civilite,prenom,nom,département,email AN,titre_genre
1,M.,Damien,Abad,Ain,damien.abad@assemblee-nationale.fr,Monsieur le député
1,M.,Xavier,Breton,Ain,xavier.breton@assemblee-nationale.fr,Monsieur le député
1,M.,Charles,de la Verpillière,Ain,charles.delaverpilliere@assemblee-nationale.fr,Monsieur le député
1,Mme,Olga,Givernet,Ain,olga.givernet@assemblee-nationale.fr,Madame la députée
1,M.,Stéphane,Trompille,Ain,stephane.trompille@assemblee-nationale.fr,Monsieur le député
2,Mme,Aude,Bono-Vandorme,Aisne,aude.bono-vandorme@assemblee-nationale.fr,Madame la députée
2,M.,Jean-Louis,Bricout,Aisne,jean-louis.bricout@assemblee-nationale.fr,Monsieur le député
2,M.,Marc,Delatte,Aisne,marc.delatte@assemblee-nationale.fr,Monsieur le député
2,M.,Julien,Dive,Aisne,julien.dive@assemblee-nationale.fr,Monsieur le député
2,M.,Jacques,Krabal,Aisne,jacques.krabal@assemblee-nationale.fr,Monsieur le député
3,M.,Jean-Paul,Dufrègne,Allier,jean-paul.dufregne@assemblee-nationale.fr,Monsieur le député
3,Mme,Bénédicte,Peyrol,Allier,benedicte.peyrol@assemblee-nationale.fr,Madame la députée
3,Mme,Laurence,Vanceunebrock-Mialon,Allier,laurence.vanceunebrock-mialon@assemblee-nationale.fr,Madame la députée
4,Mme,Delphine,Bagarry,Alpes-de-Haute-Provence,delphine.bagarry@assemblee-nationale.fr,Madame la députée
4,Mme,Emmanuelle,Fontaine-Domeizel,Alpes-de-Haute-Provence,Emmanuelle.Fontaine-Domeizel@assemblee-nationale.fr,Madame la députée
5,Mme,Pascale,Boyer,Hautes-Alpes,pascale.boyer@assemblee-nationale.fr,Madame la députée
5,M.,Joël,Giraud,Hautes-Alpes,joel.giraud@assemblee-nationale.fr,Monsieur le député
6,Mme,Marine,Brenier,Alpes-Maritimes,marine.brenier@assemblee-nationale.fr,Madame la députée
6,M.,Bernard,Brochand,Alpes-Maritimes,bernard.brochand@assemblee-nationale.fr,Monsieur le député
6,M.,Éric,Ciotti,Alpes-Maritimes,eric.ciotti@assemblee-nationale.fr,Monsieur le député
6,M.,Loïc,Dombreval,Alpes-Maritimes,loic.dombreval@assemblee-nationale.fr,Monsieur le député
6,M.,Éric,Pauget,Alpes-Maritimes,eric.pauget@assemblee-nationale.fr,Monsieur le député
6,M.,Cédric,Roussel,Alpes-Maritimes,cedric.roussel@assemblee-nationale.fr,Monsieur le député
6,Mme,Michèle,Tabarot,Alpes-Maritimes,michele.tabarot@assemblee-nationale.fr,Madame la députée
6,Mme,Laurence,Trastour-Isnart,Alpes-Maritimes,laurence.trastour-isnart@assemblee-nationale.fr,Madame la députée
6,Mme,Alexandra ,Valetta Ardisson,Alpes-Maritimes,alexandra.ardisson@assemblee-nationale.fr,Madame la députée
7,M.,Fabrice,Brun,Ardèche,fabrice.brun@assemblee-nationale.fr,Monsieur le député
7,M.,Hervé,Saulignac,Ardèche,herve.saulignac@assemblee-nationale.fr,Monsieur le député
7,Mme,Michèle,Victory,Ardèche,michele.victory@assemblee-nationale.fr,Madame la députée
8,M.,Pierre,Cordier,Ardennes,pierre.cordier@assemblee-nationale.fr,Monsieur le député
8,Mme,Bérengère,Poletti,Ardennes,berengere.poletti@assemblee-nationale.fr,Madame la députée
8,M.,Jean-Luc,Warsmann,Ardennes,jean-luc.warsmann@assemblee-nationale.fr,Monsieur le député
9,M.,Michel,Larive,Ariège,michel.larive@assemblee-nationale.fr,Monsieur le député
9,Mme,Bénédicte,Taurine,Ariège,benedicte.taurine@assemblee-nationale.fr,Madame la députée
10,Mme,Valérie,Bazin-Malgras,Aube,valerie.bazin-malgras@assemblee-nationale.fr,Madame la députée
10,M.,Grégory,Besson-Moreau,Aube,gregory.besson-moreau@assemblee-nationale.fr,Monsieur le député
10,M.,Gérard,Menuel,Aube,gerard.menuel@assemblee-nationale.fr,Monsieur le député
11,Mme,Danièle,Hérin,Aude,daniele.herin@assemblee-nationale.fr,Madame la députée
11,M.,Alain,Perea,Aude,alain.perea@assemblee-nationale.fr,Monsieur le député
11,Mme,Mireille,Robert,Aude,mireille.robert@assemblee-nationale.fr,Madame la députée
12,Mme,Anne,Blanc,Aveyron,anne.blanc@assemblee-nationale.fr,Madame la députée
12,M.,Stéphane,Mazars,Aveyron,stephane.mazars@assemblee-nationale.fr,Monsieur le député
12,M.,Arnaud,Viala,Aveyron,arnaud.viala@assemblee-nationale.fr,Monsieur le député
13,M.,Saïd,Ahamada,Bouches-du-Rhône,said.ahamada@assemblee-nationale.fr,Monsieur le député
13,Mme,Valérie,Boyer,Bouches-du-Rhône,valerie.boyer@assemblee-nationale.fr,Madame la députée
13,M.,Bernard,Deflesselles,Bouches-du-Rhône,bernard.deflesselles@assemblee-nationale.fr,Monsieur le député
13,M.,Pierre,Dharréville,Bouches-du-Rhône,pierre.dharreville@assemblee-nationale.fr,Monsieur le député
13,M.,Éric,Diard,Bouches-du-Rhône,eric.diard@assemblee-nationale.fr,Monsieur le député
13,M.,François-Michel,Lambert,Bouches-du-Rhône,francois-michel.lambert@assemblee-nationale.fr,Monsieur le député
13,M.,Mohamed,Laqhila,Bouches-du-Rhône,mohamed.laqhila@assemblee-nationale.fr,Monsieur le député
13,Mme,Alexandra,Louis,Bouches-du-Rhône,alexandra.louis@assemblee-nationale.fr,Madame la députée
13,M.,Jean-Luc,Mélenchon,Bouches-du-Rhône,jean-luc.melenchon@assemblee-nationale.fr,Monsieur le député
13,Mme,Monica,Michel,Bouches-du-Rhône,monica.michel@assemblee-nationale.fr,Madame la députée
13,Mme,Anne-Laurence,Petel,Bouches-du-Rhône,anne-laurence.petel@assemblee-nationale.fr,Madame la députée
13,Mme,Claire,Pitollat,Bouches-du-Rhône,claire.pitollat@assemblee-nationale.fr,Madame la députée
13,Mme,Cathy,Racon-Bouzon,Bouches-du-Rhône,cathy.racon-bouzon@assemblee-nationale.fr,Madame la députée
13,M.,Bernard,Reynès,Bouches-du-Rhône,bernard.reynes@assemblee-nationale.fr,Monsieur le député
13,M.,Guy,Teissier,Bouches-du-Rhône,guy.teissier@assemblee-nationale.fr,Monsieur le député
13,M.,Jean-Marc,Zulesi,Bouches-du-Rhône,jean-marc.zulesi@assemblee-nationale.fr,Monsieur le député
14,M.,Christophe,Blanchet,Calvados,christophe.blanchet@assemblee-nationale.fr,Monsieur le député
14,M.,Bertrand,Bouyx,Calvados,bertrand.bouyx@assemblee-nationale.fr,Monsieur le député
14,Mme,Laurence,Dumont,Calvados,laurence.dumont@assemblee-nationale.fr,Madame la députée
14,M.,Fabrice,Le Vigoureux,Calvados,fabrice.levigoureux@assemblee-nationale.fr,Monsieur le député
14,M.,Sébastien,Leclerc,Calvados,sebastien.leclerc@assemblee-nationale.fr,Monsieur le député
14,M.,Alain,Tourret,Calvados,alain.tourret@assemblee-nationale.fr,Monsieur le député
15,M.,Jean-Yves,Bony,Cantal,jean-yves.bony@assemblee-nationale.fr,Monsieur le député
15,M.,Vincent,Descoeur,Cantal,vincent.descoeur@assemblee-nationale.fr,Monsieur le député
16,M.,Jérôme,Lambert,Charente,jerome.lambert@assemblee-nationale.fr,Monsieur le député
16,Mme,Sandra,Marsaud,Charente,sandra.marsaud@assemblee-nationale.fr,Madame la députée
16,M.,Thomas,Mesnier,Charente,thomas.mesnier@assemblee-nationale.fr,Monsieur le député
17,M.,Jean-Philippe,Ardouin,Charente-Maritime,jean-philippe.ardouin@assemblee-nationale.fr,Monsieur le député
17,M.,Olivier,Falorni,Charente-Maritime,olivier.falorni@assemblee-nationale.fr,Monsieur le député
17,M.,Raphaël,Gérard,Charente-Maritime,raphael.gerard@assemblee-nationale.fr,Monsieur le député
17,M.,Didier,Quentin,Charente-Maritime,didier.quentin@assemblee-nationale.fr,Monsieur le député
17,Mme,Frédérique,Tuffnell,Charente-Maritime,frederique.tuffnell@assemblee-nationale.fr,Madame la députée
18,M.,François,Cormier-Bouligeon,Cher,francois.cormier-bouligeon@assemblee-nationale.fr,Monsieur le député
18,Mme,Nadia,Essayan,Cher,nadia.essayan@assemblee-nationale.fr,Madame la députée
18,M.,Loïc,Kervran,Cher ,loic.kervran@assemblee-nationale.fr,Monsieur le député
19,M.,Christophe,Jerretie,Corrèze,christophe.jerretie@assemblee-nationale.fr,Monsieur le député
19,Mme,Frédérique,Meunier,Corrèze,frederique.meunier@assemblee-nationale.fr,Madame la députée
21,Mme,Yolaine,de Courson,Côte-d'Or,yolaine.decourson@assemblee-nationale.fr,Madame la députée
21,M.,Rémi,Delatte,Côte-d'Or,remi.delatte@assemblee-nationale.fr,Monsieur le député
21,Mme,Fadila,Khattabi,Côte-d'Or,fadila.khattabi@assemblee-nationale.fr,Madame la députée
21,M.,Didier,Martin,Côte-d'Or,didier.martin@assemblee-nationale.fr,Monsieur le député
21,M.,Didier,Paris,Côte-d'Or,didier.paris@assemblee-nationale.fr,Monsieur le député
22,M.,Hervé,Berville,Côtes-d'Armor,herve.berville@assemblee-nationale.fr,Monsieur le député
22,M.,Éric,Bothorel,Côtes-d'Armor,eric.bothorel@assemblee-nationale.fr,Monsieur le député
22,M.,Bruno,Joncour,Côtes-d'Armor,bruno.joncour@assemblee-nationale.fr,Monsieur le député
22,M.,Yannick,Kerlogot,Côtes-d'Armor,yannick.kerlogot@assemblee-nationale.fr,Monsieur le député
22,M.,Marc,Le Fur,Côtes-d'Armor,marc.lefur@assemblee-nationale.fr,Monsieur le député
23,M.,Jean-Baptiste,Moreau,Creuse,jean-baptiste.moreau@assemblee-nationale.fr,Monsieur le député
24,M.,Philippe,Chassaing,Dordogne,philippe.chassaing@assemblee-nationale.fr,Monsieur le député
24,M.,Jean-Pierre,Cubertafon,Dordogne,jean-pierre.cubertafon@assemblee-nationale.fr,Monsieur le député
24,M.,Michel,Delpon,Dordogne,michel.delpon@assemblee-nationale.fr,Monsieur le député
24,Mme,Jacqueline,Dubois,Dordogne,jacqueline.dubois@assemblee-nationale.fr,Madame la députée
25,M.,Éric,Alauzet,Doubs,ealauzet@assemblee-nationale.fr,Monsieur le député
25,M.,Frédéric,Barbier,Doubs,frederic.barbier@assemblee-nationale.fr,Monsieur le député
25,Mme,Fannette,Charvier,Doubs,fannette.charvier@assemblee-nationale.fr,Madame la députée
25,Mme,Annie,Genevard,Doubs,annie.genevard@assemblee-nationale.fr,Madame la députée
25,M.,Denis,Sommer,Doubs,denis.sommer@assemblee-nationale.fr,Monsieur le député
26,Mme,Emmanuelle,Anthoine,Drôme,emmanuelle.anthoine@assemblee-nationale.fr,Madame la députée
26,Mme,Mireille,Clapot,Drôme,mireille.clapot@assemblee-nationale.fr,Madame la députée
26,Mme,Célia,de Lavergne,Drôme,celia.delavergne@assemblee-nationale.fr,Madame la députée
26,Mme,Alice,Thourot,Drôme,alice.thourot@assemblee-nationale.fr,Madame la députée
27,Mme,Séverine,Gipson,Eure,Severine.Gipson@assemblee-nationale.fr,Madame la députée
27,M.,Fabien,Gouttefarde,Eure,fabien.gouttefarde@assemblee-nationale.fr,Monsieur le député
27,Mme,Claire,O'Petit,Eure,claire.opetit@assemblee-nationale.fr,Madame la députée
27,M.,Bruno,Questel,Eure,bruno.questel@assemblee-nationale.fr,Monsieur le député
27,Mme,Marie,Tamarelle-Verhaeghe,Eure,marie.tamarelle@assemblee-nationale.fr,Madame la députée
28,Mme,Laure,de La Raudière,Eure-et-Loir,laure.delaraudiere@assemblee-nationale.fr,Madame la députée
28,M.,Guillaume,Kasbarian,Eure-et-Loir,guillaume.kasbarian@assemblee-nationale.fr,Monsieur le député
28,M.,Olivier,Marleix,Eure-et-Loir,olivier.marleix@assemblee-nationale.fr,Monsieur le député
28,M.,Philippe,Vigier,Eure-et-Loir,philippe.vigier@assemblee-nationale.fr,Monsieur le député
29,M.,Erwan,Balanant,Finistère,erwan.balanant@assemblee-nationale.fr,Monsieur le député
29,M.,Richard,Ferrand,Finistère,richard.ferrand@assemblee-nationale.fr,Monsieur le député
29,M.,Jean-Charles,Larsonneur,Finistère,jean-charles.larsonneur@assemblee-nationale.fr,Monsieur le député
29,Mme,Sandrine,Le Feur,Finistère,sandrine.lefeur@assemblee-nationale.fr,Madame la députée
29,M.,Didier,Le Gac,Finistère,didier.legac@assemblee-nationale.fr,Monsieur le député
29,Mme,Annaïg,Le Meur,Finistère,annaig.lemeur@assemblee-nationale.fr,Madame la députée
29,Mme,Graziella,Melchior,Finistère,graziella.melchior@assemblee-nationale.fr,Madame la députée
29,Mme,Liliana,Tanguy,Finistère,liliana.tanguy@assemblee-nationale.fr,Madame la députée
30,M.,Philippe,Berta,Gard,philippe.berta@assemblee-nationale.fr,Monsieur le député
30,M.,Anthony,Cellier,Gard,anthony.cellier@assemblee-nationale.fr,Monsieur le député
30,Mme,Annie,Chapelier,Gard,annie.chapelier@assemblee-nationale.fr,Madame la députée
30,Mme,Françoise,Dumas,Gard,francoise.dumas@assemblee-nationale.fr,Madame la députée
30,M.,Olivier,Gaillard,Gard,olivier.gaillard@assemblee-nationale.fr,Monsieur le député
31,M.,Joël,Aviragnet,Haute-Garonne,joel.aviragnet@assemblee-nationale.fr,Monsieur le député
31,M.,Pierre,Cabaré,Haute-Garonne,pierre.cabare@assemblee-nationale.fr,Monsieur le député
31,Mme,Monique,Iborra,Haute-Garonne,monique.iborra@assemblee-nationale.fr,Madame la députée
31,M.,Jean-Luc,Lagleize,Haute-Garonne,jean-luc.lagleize@assemblee-nationale.fr,Monsieur le député
31,Mme,Sandrine,Mörch,Haute-Garonne,sandrine.morch@assemblee-nationale.fr,Madame la députée
31,M.,Sébastien,Nadot,Haute-Garonne,sebastien.nadot@assemblee-nationale.fr,Monsieur le député
31,M.,Mickaël,Nogal,Haute-Garonne,mickael.nogal@assemblee-nationale.fr,Monsieur le député
31,M.,Jean-François,Portarrieu,Haute-Garonne,jean-francois.portarrieu@assemblee-nationale.fr,Monsieur le député
31,Mme,Élisabeth,Toutut-Picard,Haute-Garonne,elisabeth.toutut-picard@assemblee-nationale.fr,Madame la députée
31,Mme,Corinne,Vignon,Haute-Garonne,corinne.vignon@assemblee-nationale.fr,Madame la députée
32,Mme,Gisèle,Biémouret,Gers,gisele.biemouret@assemblee-nationale.fr,Madame la députée
32,M.,Jean-René,Cazeneuve,Gers,jean-rene.cazeneuve@assemblee-nationale.fr,Monsieur le député
33,M.,Florent,Boudié,Gironde,florent.boudie@assemblee-nationale.fr,Monsieur le député
33,Mme,Bérangère,Couillard,Gironde,berangere.couillard@assemblee-nationale.fr,Madame la députée
33,M.,Alain,David,Gironde,alain.david@assemblee-nationale.fr,Monsieur le député
33,Mme,Dominique,David,Gironde,dominique.david@assemblee-nationale.fr,Madame la députée
33,Mme,Christelle,Dubos,Gironde,christelle.dubos@assemblee-nationale.fr,Madame la députée
33,Mme,Catherine,Fabre,Gironde,catherine.fabre@assemblee-nationale.fr,Madame la députée
33,Mme,Véronique,Hammerer,Gironde,veronique.hammerer@assemblee-nationale.fr,Madame la députée
33,Mme,Sophie,Mette,Gironde,sophie.mette@assemblee-nationale.fr,Madame la députée
33,Mme,Sophie,Panonacle,Gironde,sophie.panonacle@assemblee-nationale.fr,Madame la députée
33,M.,Éric,Poulliat,Gironde,eric.poulliat@assemblee-nationale.fr,Monsieur le député
33,M.,Loïc,Prud'homme,Gironde,loic.prudhomme@assemblee-nationale.fr,Monsieur le député
33,M.,Benoit,Simian,Gironde,benoit.simian@assemblee-nationale.fr,Monsieur le député
34,M.,Nicolas,Démoulin,Hérault,nicolas.demoulin@assemblee-nationale.fr,Monsieur le député
34,Mme,Coralie,Dubost,Hérault,coralie.dubost@assemblee-nationale.fr,Madame la députée
34,M.,Jean-François,Eliaou,Hérault,jean-francois.eliaou@assemblee-nationale.fr,Monsieur le député
34,M.,Christophe,Euzet,Hérault,christophe.euzet@assemblee-nationale.fr,Monsieur le député
34,M.,Philippe,Huppé,Hérault,philippe.huppe@assemblee-nationale.fr,Monsieur le député
34,Mme,Patricia,Mirallès,Hérault,patricia.miralles@assemblee-nationale.fr,Madame la députée
34,Mme,Muriel,Ressiguier,Hérault,muriel.ressiguier@assemblee-nationale.fr,Madame la députée
34,M.,Patrick,Vignal,Hérault,patrick.vignal@assemblee-nationale.fr,Monsieur le député
35,M.,François,André,Ille-et-Vilaine,francois.andre@assemblee-nationale.fr,Monsieur le député
35,M.,Florian,Bachelier,Ille-et-Vilaine,florian.bachelier@assemblee-nationale.fr,Monsieur le député
35,M.,Thierry,Benoit,Ille-et-Vilaine,thierry.benoit@assemblee-nationale.fr,Monsieur le député
35,Mme,Christine,Cloarec,Ille-et-Vilaine,christine.cloarec@assemblee-nationale.fr,Madame la députée
35,M.,Mustapha,Laabid,Ille-et-Vilaine,mustapha.laabid@assemblee-nationale.fr,Monsieur le député
35,M.,Gaël,Le Bohec,Ille-et-Vilaine,gael.lebohec@assemblee-nationale.fr,Monsieur le député
35,M.,Gilles,Lurton,Ille-et-Vilaine,gilles.lurton@assemblee-nationale.fr,Monsieur le député
35,Mme,Laurence,Maillart-Méhaignerie,Ille-et-Vilaine,laurence.maillart-mehaignerie@assemblee-nationale.fr,Madame la députée
36,M.,Nicolas,Forissier,Indre,nicolas.forissier@assemblee-nationale.fr,Monsieur le député
36,M.,François,Jolivet,Indre,francois.jolivet@assemblee-nationale.fr,Monsieur le député
37,Mme,Sophie,Auconie,Indre-et-Loire,sophie.auconie@assemblee-nationale.fr,Madame la députée
37,M.,Philippe,Chalumeau,Indre-et-Loire,philippe.chalumeau@assemblee-nationale.fr,Monsieur le député
37,Mme,Fabienne,Colboc,Indre-et-Loire,fabienne.colboc@assemblee-nationale.fr,Madame la députée
37,M.,Daniel,Labaronne,Indre-et-Loire,daniel.labaronne@assemblee-nationale.fr,Monsieur le député
37,Mme,Sabine,Thillaye,Indre-et-Loire,sabine.thillaye@assemblee-nationale.fr,Madame la députée
38,Mme,Caroline,Abadie,Isère,caroline.abadie@assemblee-nationale.fr,Madame la députée
38,Mme,Marie-Noëlle,Battistel,Isère,marie-noelle.battistel@assemblee-nationale.fr,Madame la députée
38,Mme,Émilie,Chalas,Isère,emilie.chalas@assemblee-nationale.fr,Madame la députée
38,M.,Jean-Charles,Colas-Roy,Isère,jean-charles.colas-roy@assemblee-nationale.fr,Monsieur le député
38,Mme,Élodie,Jacquier-Laforge,Isère,elodie.jacquier-laforge@assemblee-nationale.fr,Madame la députée
38,Mme,Catherine,Kamowski,Isère,catherine.kamowski@assemblee-nationale.fr,Madame la députée
38,Mme,Monique,Limon,Isère,monique.limon@assemblee-nationale.fr,Madame la députée
38,Mme,Marjolaine,Meynier-Millefert,Isère,marjolaine.meynier-millefert@assemblee-nationale.fr,Madame la députée
38,Mme,Cendra,Motin,Isère,cendra.motin@assemblee-nationale.fr,Madame la députée
38,M.,Olivier,Véran,Isère,olivier.veran@assemblee-nationale.fr,Monsieur le député
39,Mme,Danielle,Brulebois,Jura,danielle.brulebois@assemblee-nationale.fr,Madame la députée
39,Mme,Marie-Christine,Dalloz,Jura,marie-christine.dalloz@assemblee-nationale.fr,Madame la députée
39,M.,Jean-Marie,Sermier,Jura,jean-marie.sermier@assemblee-nationale.fr,Monsieur le député
40,M.,Lionel,Causse,Landes,lionel.causse@assemblee-nationale.fr,Monsieur le député
40,M.,Fabien,Lainé,Landes,Fabien.Laine@assemblee-nationale.fr,Monsieur le député
40,M.,Boris,Vallaud,Landes,boris.vallaud@assemblee-nationale.fr,Monsieur le député
41,M.,Marc,Fesneau,Loir-et-Cher,marc.fesneau@assemblee-nationale.fr,Monsieur le député
41,M.,Maurice,Leroy,Loir-et-Cher,maurice.leroy@assemblee-nationale.fr,Monsieur le député
41,M.,Guillaume,Peltier,Loir-et-Cher,guillaume.peltier@assemblee-nationale.fr,Monsieur le député
42,M.,Julien,Borowczyk,Loire,julien.borowczyk@assemblee-nationale.fr,Monsieur le député
42,M.,Dino,Cinieri,Loire,dino.cinieri@assemblee-nationale.fr,Monsieur le député
42,Mme,Valéria,Faure-Muntian,Loire,valeria.faure-muntian@assemblee-nationale.fr,Madame la députée
42,M.,Régis,Juanico,Loire,regis.juanico@assemblee-nationale.fr,Monsieur le député
42,M.,Jean-Michel,Mis,Loire,jean-michel.mis@assemblee-nationale.fr,Monsieur le député
42,Mme,Nathalie,Sarles,Loire,nathalie.sarles@assemblee-nationale.fr,Madame la députée
43,Mme,Isabelle,Valentin,Haute-Loire,isabelle.valentin@assemblee-nationale.fr,Madame la députée
43,M.,Jean-Pierre,Vigier,Haute-Loire,jean-pierre.vigier@assemblee-nationale.fr,Monsieur le député
44,Mme,Aude,Amadou,Loire-Atlantique,aude.amadou@assemblee-nationale.fr,Madame la députée
44,Mme,Anne-France,Brunet,Loire-Atlantique,anne-france.brunet@assemblee-nationale.fr,Madame la députée
44,M.,Yves,Daniel,Loire-Atlantique,yves.daniel@assemblee-nationale.fr,Monsieur le député
44,M.,François,de Rugy,Loire-Atlantique,president@assemblee-nationale.fr,Monsieur le député
44,Mme,Audrey,Dufeu Schubert,Loire-Atlantique,audrey.dufeuschubert@assemblee-nationale.fr,Madame la députée
44,Mme,Sarah,El Haïry,Loire-Atlantique,sarah.elhairy@assemblee-nationale.fr,Madame la députée
44,Mme,Sophie,Errante,Loire-Atlantique,sophie.errante@assemblee-nationale.fr,Madame la députée
44,M.,Yannick,Haury,Loire-Atlantique,yannick.haury@assemblee-nationale.fr,Monsieur le député
44,Mme,Sandrine,Josso,Loire-Atlantique,sandrine.josso@assemblee-nationale.fr,Madame la députée
44,Mme,Valérie,Oppelt,Loire-Atlantique,valerie.oppelt@assemblee-nationale.fr,Madame la députée
45,M.,Claude,de Ganay,Loiret,claude.deganay@assemblee-nationale.fr,Monsieur le député
45,M.,Jean-Pierre,Door,Loiret,jean-pierre.door@assemblee-nationale.fr,Monsieur le député
45,Mme,Marianne,Dubois,Loiret,marianne.dubois@assemblee-nationale.fr,Madame la députée
45,Mme,Caroline,Janvier,Loiret,caroline.janvier@assemblee-nationale.fr,Madame la députée
45,M.,Richard,Ramos,Loiret,richard.ramos@assemblee-nationale.fr,Monsieur le député
45,Mme,Stéphanie,Rist,Loiret,stephanie.rist@assemblee-nationale.fr,Madame la députée
46,M.,Aurélien,Pradié,Lot,aurelien.pradie@assemblee-nationale.fr,Monsieur le député
46,Mme,Huguette,Tiegna,Lot,huguette.tiegna@assemblee-nationale.fr,Madame la députée
47,M.,Olivier,Damaisin,Lot-et-Garonne,olivier.damaisin@assemblee-nationale.fr,Monsieur le député
47,M.,Alexandre,Freschi,Lot-et-Garonne,alexandre.freschi@assemblee-nationale.fr,Monsieur le député
47,M.,Michel,Lauzzana,Lot-et-Garonne,michel.lauzzana@assemblee-nationale.fr,Monsieur le député
48,M.,Pierre,Morel-À-L'Huissier,Lozère,pierre.morel-a-lhuissier@assemblee-nationale.fr,Monsieur le député
49,M.,Philippe,Bolo,Maine-et-Loire,philippe.bolo@assemblee-nationale.fr,Monsieur le député
49,Mme,Nicole,Dubré-Chirat,Maine-et-Loire,nicole.dubre-chirat@assemblee-nationale.fr,Madame la députée
49,Mme,Stella,Dupont,Maine-et-Loire,stella.dupont@assemblee-nationale.fr,Madame la députée
49,M.,Denis,Masséglia,Maine-et-Loire,denis.masseglia@assemblee-nationale.fr,Monsieur le député
49,M.,Matthieu,Orphelin,Maine-et-Loire,matthieu.orphelin@assemblee-nationale.fr,Monsieur le député
49,Mme,Laetitia,Saint-Paul,Maine-et-Loire,laetitia.saint-paul@assemblee-nationale.fr,Madame la députée
49,M.,Jean-Charles,Taugourdeau,Maine-et-Loire,jean-charles.taugourdeau@assemblee-nationale.fr,Monsieur le député
50,M.,Grégory,Galbadon,Manche,Gregory.Galbadon@assemblee-nationale.fr,Monsieur le député
50,M.,Philippe,Gosselin,Manche,philippe.gosselin@assemblee-nationale.fr,Monsieur le député
50,Mme,Sonia,Krimi,Manche,sonia.krimi@assemblee-nationale.fr,Madame la députée
50,M.,Bertrand,Sorre,Manche,bertrand.sorre@assemblee-nationale.fr,Monsieur le député
51,Mme,Valérie,Beauvais,Marne,valerie.beauvais@assemblee-nationale.fr,Madame la députée
51,M.,Charles,de Courson,Marne,charles.decourson@assemblee-nationale.fr,Monsieur le député
51,M.,Éric,Girardin,Marne,eric.girardin@assemblee-nationale.fr,Monsieur le député
51,Mme,Aina,Kuric,Marne,aina.kuric@assemblee-nationale.fr,Madame la députée
51,Mme,Lise,Magnier,Marne,lise.magnier@assemblee-nationale.fr,Madame la députée
52,Mme,Bérangère,Abba,Haute-Marne,berangere.abba@assemblee-nationale.fr,Madame la députée
52,M.,François,Cornut-Gentille,Haute-Marne,francois.cornut-gentille@assemblee-nationale.fr,Monsieur le député
53,Mme,Géraldine,Bannier,Mayenne,geraldine.bannier@assemblee-nationale.fr,Madame la députée
53,M.,Yannick,Favennec Becot,Mayenne,yannick.favennec@assemblee-nationale.fr,Monsieur le député
53,M.,Guillaume,Garot,Mayenne,guillaume.garot@assemblee-nationale.fr,Monsieur le député
54,M.,Thibault,Bazin,Meurthe-et-Moselle,thibault.bazin@assemblee-nationale.fr,Monsieur le député
54,Mme,Caroline,Fiat,Meurthe-et-Moselle,caroline.fiat@assemblee-nationale.fr,Madame la députée
54,M.,Laurent,Garcia,Meurthe-et-Moselle,laurent.garcia@assemblee-nationale.fr,Monsieur le député
54,Mme,Carole,Grandjean,Meurthe-et-Moselle,carole.grandjean@assemblee-nationale.fr,Madame la députée
54,M.,Xavier,Paluszkiewicz,Meurthe-et-Moselle,xavier.paluszkiewicz@assemblee-nationale.fr,Monsieur le député
54,M.,Dominique,Potier,Meurthe-et-Moselle,dominique.potier@assemblee-nationale.fr,Monsieur le député
55,Mme,Émilie,Cariou,Meuse,emilie.cariou@assemblee-nationale.fr,Madame la députée
55,M.,Bertrand,Pancher,Meuse,bertrand.pancher@assemblee-nationale.fr,Monsieur le député
56,M.,Jean-Michel,Jacques,Morbihan,jean-michel.jacques@assemblee-nationale.fr,Monsieur le député
56,Mme,Nicole,Le Peih,Morbihan,nicole.lepeih@assemblee-nationale.fr,Madame la députée
56,M.,Paul,Molac,Morbihan,paul.molac@assemblee-nationale.fr,Monsieur le député
56,M.,Jimmy,Pahun,Morbihan,jimmy.pahun@assemblee-nationale.fr,Monsieur le député
56,M.,Hervé,Pellois,Morbihan,herve.pellois@assemblee-nationale.fr,Monsieur le député
56,M.,Gwendal,Rouillard,Morbihan,gwendal.rouillard@assemblee-nationale.fr,Monsieur le député
57,M.,Christophe,Arend,Moselle,christophe.arend@assemblee-nationale.fr,Monsieur le député
57,M.,Belkhir,Belhaddad,Moselle,belkhir.belhaddad@assemblee-nationale.fr,Monsieur le député
57,M.,Fabien,Di Filippo,Moselle,fabien.difilippo@assemblee-nationale.fr,Monsieur le député
57,M.,Brahim,Hammouche,Moselle,brahim.hammouche@assemblee-nationale.fr,Monsieur le député
57,M.,Richard,Lioger,Moselle,richard.lioger@assemblee-nationale.fr,Monsieur le député
57,M.,Ludovic,Mendes,Moselle,ludovic.mendes@assemblee-nationale.fr,Monsieur le député
57,Mme,Isabelle,Rauch,Moselle,isabelle.rauch@assemblee-nationale.fr,Madame la députée
57,Mme,Nicole,Trisse,Moselle,nicole.gries-trisse@assemblee-nationale.fr,Madame la députée
57,Mme,Hélène,Zannier,Moselle,helene.zannier@assemblee-nationale.fr,Madame la députée
58,Mme,Perrine,Goulet,Nièvre,perrine.goulet@assemblee-nationale.fr,Madame la députée
58,M.,Patrice,Perrot,Nièvre,patrice.perrot@assemblee-nationale.fr,Monsieur le député
59,M.,Ugo,Bernalicis,Nord,ugo.bernalicis@assemblee-nationale.fr,Monsieur le député
59,M.,Guy,Bricout,Nord,guy.bricout@assemblee-nationale.fr,Monsieur le député
59,M.,Alain,Bruneel,Nord,alain.bruneel@assemblee-nationale.fr,Monsieur le député
59,Mme,Anne-Laure,Cattelot,Nord,anne-laure.cattelot@assemblee-nationale.fr,Madame la députée
59,M.,Paul,Christophe,Nord,paul.christophe@assemblee-nationale.fr,Monsieur le député
59,Mme,Jennifer,de Temmerman,Nord,jennifer.detemmerman@assemblee-nationale.fr,Madame la députée
59,Mme,Béatrice,Descamps,Nord,beatrice.descamps@assemblee-nationale.fr,Madame la députée
59,M.,Christophe,Di Pompeo,Nord,christophe.dipompeo@assemblee-nationale.fr,Monsieur le député
59,M.,Dimitri,Houbron,Nord,dimitri.houbron@assemblee-nationale.fr,Monsieur le député
59,M.,Christian,Hutin,Nord,christian.hutin@assemblee-nationale.fr,Monsieur le député
59,M.,Sébastien,Huyghe,Nord,sebastien.huyghe@assemblee-nationale.fr,Monsieur le député
59,Mme,Charlotte,Lecocq,Nord,charlotte.lecocq@assemblee-nationale.fr,Madame la députée
59,M.,Vincent,Ledoux,Nord,vincent.ledoux@assemblee-nationale.fr,Monsieur le député
59,Mme,Brigitte,Liso,Nord,brigitte.liso@assemblee-nationale.fr,Madame la députée
59,Mme,Catherine,Osson,Nord,catherine.osson@assemblee-nationale.fr,Madame la députée
59,Mme,Valérie,Petit,Nord,valerie.petit@assemblee-nationale.fr,Madame la députée
59,M.,Laurent,Pietraszewski,Nord,laurent.pietraszewski@assemblee-nationale.fr,Monsieur le député
59,M.,Adrien,Quatennens,Nord,adrien.quatennens@assemblee-nationale.fr,Monsieur le député
59,M.,Fabien,Roussel,Nord,fabien.roussel@assemblee-nationale.fr,Monsieur le député
59,M.,Francis,Vercamer,Nord,francis.vercamer@assemblee-nationale.fr,Monsieur le député
60,M.,Pascal,Bois,Oise,pascal.bois@assemblee-nationale.fr,Monsieur le député
60,Mme,Carole,Bureau-Bonnard,Oise,carole.bureau-bonnard@assemblee-nationale.fr,Madame la députée
60,M.,Olivier,Dassault,Oise,olivier.dassault@assemblee-nationale.fr,Monsieur le député
60,M.,Maxime,Minot,Oise,maxime.minot@assemblee-nationale.fr,Monsieur le député
60,Mme,Agnès,Thill,Oise,agnes.thill@assemblee-nationale.fr,Madame la députée
60,M.,Pierre,Vatin,Oise,pierre.vatin@assemblee-nationale.fr,Monsieur le député
60,M.,Éric,Woerth,Oise,eric.woerth@assemblee-nationale.fr,Monsieur le député
61,Mme,Véronique,Louwagie,Orne,veronique.louwagie@assemblee-nationale.fr,Madame la députée
61,M.,Jérôme,Nury,Orne,jerome.nury@assemblee-nationale.fr,Monsieur le député
61,M.,Joaquim,Pueyo,Orne,joaquim.pueyo@assemblee-nationale.fr,Monsieur le député
62,M.,Bruno,Bilde,Pas-de-Calais,bruno.bilde@assemblee-nationale.fr,Monsieur le député
62,Mme,Brigitte,Bourguignon,Pas-de-Calais,brigitte.bourguignon@assemblee-nationale.fr,Madame la députée
62,Mme,Marguerite,Deprez-Audebert,Pas-de-Calais,marguerite.deprez-audebert@assemblee-nationale.fr,Madame la députée
62,M.,Pierre-Henri,Dumont,Pas-de-Calais,pierre-henri.dumont@assemblee-nationale.fr,Monsieur le député
62,M.,Bruno,Duvergé,Pas-de-Calais,bruno.duverge@assemblee-nationale.fr,Monsieur le député
62,M.,Daniel,Fasquelle,Pas-de-Calais,daniel.fasquelle@assemblee-nationale.fr,Monsieur le député
62,Mme,Jacqueline,Maquet,Pas-de-Calais,jacqueline.maquet@assemblee-nationale.fr,Madame la députée
62,M.,Jean-Pierre,Pont,Pas-de-Calais,jean-pierre.pont@assemblee-nationale.fr,Monsieur le député
62,M.,Benoit,Potterie,Pas-de-Calais,benoit.potterie@assemblee-nationale.fr,Monsieur le député
63,M.,André,Chassaigne,Puy-de-Dôme,andre.chassaigne@assemblee-nationale.fr,Monsieur le député
63,M.,Michel,Fanget,Puy-de-Dôme,michel.fanget@assemblee-nationale.fr,Monsieur le député
63,Mme,Christine,Pires Beaune,Puy-de-Dôme,christine.piresbeaune@assemblee-nationale.fr,Madame la députée
63,Mme,Valérie,Thomas,Puy-de-Dôme,valerie.thomas@assemblee-nationale.fr,Madame la députée
63,Mme,Laurence,Vichnievsky,Puy-de-Dôme,laurence.vichnievsky@assemblee-nationale.fr,Madame la députée
64,M.,Vincent,Bru,Pyrénées-Atlantiques,vincent.bru@assemblee-nationale.fr,Monsieur le député
64,M.,David,Habib,Pyrénées-Atlantiques,david.habib@assemblee-nationale.fr,Monsieur le député
64,M.,Jean,Lassalle,Pyrénées-Atlantiques,jean.lassalle@assemblee-nationale.fr,Monsieur le député
64,Mme,Florence,Lasserre-David,Pyrénées-Atlantiques,florence.lasserre-david@assemblee-nationale.fr,Madame la députée
64,M.,Jean-Paul,Mattei,Pyrénées-Atlantiques,matteijeanpaul@icloud.com,Monsieur le député
64,Mme,Josy,Poueyto,Pyrénées-Atlantiques,josy.poueyto@assemblee-nationale.fr,Madame la députée
65,Mme,Jeanine,Dubié,Hautes-Pyrénées,jeanine.dubie@assemblee-nationale.fr,Madame la députée
65,M.,Jean-Bernard,Sempastous,Hautes-Pyrénées,jean-bernard.sempastous@assemblee-nationale.fr,Monsieur le député
66,M.,Sébastien,Cazenove,Pyrénées-Orientales,sebastien.cazenove@assemblee-nationale.fr,Monsieur le député
66,Mme,Laurence,Gayte,Pyrénées-Orientales,laurence.gayte@assemblee-nationale.fr,Madame la députée
66,M.,Romain,Grau,Pyrénées-Orientales,romain.grau@assemblee-nationale.fr,Monsieur le député
67,M.,Laurent,Furst,Bas-Rhin,laurent.furst@assemblee-nationale.fr,Monsieur le député
67,M.,Antoine,Herth,Bas-Rhin,antoine.herth@assemblee-nationale.fr,Monsieur le député
67,M.,Patrick,Hetzel,Bas-Rhin,patrick.hetzel@assemblee-nationale.fr,Monsieur le député
67,M.,Thierry,Michels,Bas-Rhin,thierry.michels@assemblee-nationale.fr,Monsieur le député
67,M.,Frédéric,Reiss,Bas-Rhin,frederic.reiss@assemblee-nationale.fr,Monsieur le député
67,M.,Bruno,Studer,Bas-Rhin,bruno.studer@assemblee-nationale.fr,Monsieur le député
67,M.,Vincent,Thiébaut,Bas-Rhin,vincent.thiebaut@assemblee-nationale.fr,Monsieur le député
67,M.,Sylvain,Waserman,Bas-Rhin,sylvain.waserman@assemblee-nationale.fr,Monsieur le député
67,Mme,Martine,Wonner,Bas-Rhin,martine.wonner@assemblee-nationale.fr,Madame la députée
68,M.,Olivier,Becht,Haut-Rhin,olivier.becht@assemblee-nationale.fr,Monsieur le député
68,M.,Jacques,Cattin,Haut-Rhin,jacques.cattin@assemblee-nationale.fr,Monsieur le député
68,M.,Bruno,Fuchs,Haut-Rhin,bruno.fuchs@assemblee-nationale.fr,Monsieur le député
68,M.,Jean-Luc,Reitzer,Haut-Rhin,jean-luc.reitzer@assemblee-nationale.fr,Monsieur le député
68,M.,Raphaël,Schellenberger,Haut-Rhin,raphael.schellenberger@assemblee-nationale.fr,Monsieur le député
68,M.,Éric,Straumann,Haut-Rhin,eric.straumann@assemblee-nationale.fr,Monsieur le député
69,M.,Yves,Blein,Rhône,yves.blein@assemblee-nationale.fr,Monsieur le député
69,M.,Bruno,Bonnell,Rhône,bruno.bonnell@assemblee-nationale.fr,Monsieur le député
69,Mme,Blandine,Brocard,Rhône,blandine.brocard@assemblee-nationale.fr,Madame la députée
69,Mme,Anne,Brugnera,Rhône,anne.brugnera@assemblee-nationale.fr,Madame la députée
69,Mme,Danièle,Cazarian,Rhône,daniele.cazarian@assemblee-nationale.fr,Madame la députée
69,M.,Jean-Luc,Fugit,Rhône,jean-luc.fugit@assemblee-nationale.fr,Monsieur le député
69,M.,Thomas,Gassilloud,Rhône,thomas.gassilloud@assemblee-nationale.fr,Monsieur le député
69,M.,Cyrille,Isaac-Sibille,Rhône,cyrille.isaac-sibille@assemblee-nationale.fr,Monsieur le député
69,M.,Hubert,Julien-Laferriere,Rhône,hubert.julien-laferriere@assemblee-nationale.fr,Monsieur le député
69,Mme,Anissa,Khedher,Rhône,anissa.khedher@assemblee-nationale.fr,Madame la députée
69,M.,Bernard,Perrut,Rhône,bernard.perrut@assemblee-nationale.fr,Monsieur le député
69,M.,Thomas,Rudigoz,Rhône,thomas.rudigoz@assemblee-nationale.fr,Monsieur le député
69,M.,Jean-Louis,Touraine,Rhône,jean-louis.touraine@assemblee-nationale.fr,Monsieur le député
69,M.,Patrice,Verchère,Rhône,patrice.verchere@assemblee-nationale.fr,Monsieur le député
70,Mme,Barbara,Bessot Ballot,Haute-Saône,barbara.bessotballot@assemblee-nationale.fr,Madame la députée
70,M.,Christophe,Lejeune,Haute-Saône,christophe.lejeune@assemblee-nationale.fr,Monsieur le député
71,Mme,Josiane,Corneloup,Saône-et-Loire,josiane.corneloup@assemblee-nationale.fr,Madame la députée
71,M.,Benjamin,Dirx,Saône-et-Loire,benjamin.dirx@assemblee-nationale.fr,Monsieur le député
71,M.,Raphaël,Gauvain,Saône-et-Loire,raphael.gauvain@assemblee-nationale.fr,Monsieur le député
71,M.,Rémy,Rebeyrotte,Saône-et-Loire,remy.rebeyrotte@assemblee-nationale.fr,Monsieur le député
71,Mme,Cécile,Untermaier,Saône-et-Loire,cecile.untermaier@assemblee-nationale.fr,Madame la députée
72,Mme,Pascale,Fontenel-Personne,Sarthe,pascale.fontenel-personne@assemblee-nationale.fr,Madame la députée
72,M.,Jean-Carles,Grelier,Sarthe,jean-carles.grelier@assemblee-nationale.fr,Monsieur le député
72,Mme,Marietta,Karamanli,Sarthe,marietta.karamanli@assemblee-nationale.fr,Madame la députée
72,M.,Stéphane,Le Foll,Sarthe,stephane.lefoll@assemblee-nationale.fr,Monsieur le député
72,M.,Damien,Pichereau,Sarthe,damien.pichereau@assemblee-nationale.fr,Monsieur le député
73,Mme,Émilie,Bonnivard,Savoie,emilie.bonnivard@assemblee-nationale.fr,Madame la députée
73,Mme,Typhanie,Degois,Savoie,typhanie.degois@assemblee-nationale.fr,Madame la députée
73,M.,Patrick,Mignola,Savoie,patrick.mignola@assemblee-nationale.fr,Monsieur le député
73,M.,Vincent,Rolland,Savoie,vincent.rolland@assemblee-nationale.fr,Monsieur le député
74,Mme,Virginie,Duby-Muller,Haute-Savoie,virginie.duby-muller@assemblee-nationale.fr,Madame la députée
74,Mme,Frédérique,Lardet,Haute-Savoie,frederique.lardet@assemblee-nationale.fr,Madame la députée
74,Mme,Marion,Lenne,Haute-Savoie,marion.lenne@assemblee-nationale.fr,Madame la députée
74,Mme,Véronique,Riotton,Haute-Savoie,veronique.riotton@assemblee-nationale.fr,Madame la députée
74,M.,Xavier,Roseren,Haute-Savoie,xavier.roseren@assemblee-nationale.fr,Monsieur le député
74,M.,Martial,Saddier,Haute-Savoie,martial.saddier@assemblee-nationale.fr,Monsieur le député
75,Mme,Laetitia,Avia,Paris,laetitia.avia@assemblee-nationale.fr,Madame la députée
75,M.,Pierre-Yves,Bournazel,Paris,pierre-yves.bournazel@assemblee-nationale.fr,Monsieur le député
75,Mme,Marielle,de Sarnez,Paris,marielle.desarnez@assemblee-nationale.fr,Madame la députée
75,Mme,Élise,Fajgeles,Paris,Elise.Fajgeles@assemblee-nationale.fr,Madame la députée
75,M.,Claude,Goasguen,Paris,claude.goasguen@assemblee-nationale.fr,Monsieur le député
75,Mme,Olivia,Gregoire,Paris,olivia.gregoire@assemblee-nationale.fr,Madame la députée
75,M.,Stanislas,Guerini,Paris,stanislas.guerini@assemblee-nationale.fr,Monsieur le député
75,Mme,Brigitte,Kuster,Paris,brigitte.kuster@assemblee-nationale.fr,Madame la députée
75,Mme,Anne-Christine,Lang,Paris,anne-christine.lang@assemblee-nationale.fr,Madame la députée
75,M.,Gilles,Le Gendre,Paris,gilles.le.gendre@assemblee-nationale.fr,Monsieur le député
75,M.,Sylvain,Maillard,Paris,sylvain.maillard@assemblee-nationale.fr,Monsieur le député
75,Mme,Delphine,O,Paris,Delphine.O@assemblee-nationale.fr,Madame la députée
75,Mme,Danièle,Obono,Paris,daniele.obono@assemblee-nationale.fr,Madame la députée
75,Mme,George,Pau-Langevin,Paris,george.pau-langevin@assemblee-nationale.fr,Madame la députée
75,M.,Pierre,Person,Paris,pierre.person@assemblee-nationale.fr,Monsieur le député
75,M.,Hugues,Renson,Paris,hugues.renson@assemblee-nationale.fr,Monsieur le député
75,M.,Pacôme,Rupin,Paris,pacome.rupin@assemblee-nationale.fr,Monsieur le député
75,M.,Buon,Tan,Paris,buon.tan@assemblee-nationale.fr,Monsieur le député
76,M.,Damien,Adam,Seine-Maritime,damien.adam@assemblee-nationale.fr,Monsieur le député
76,M.,Xavier,Batut,Seine-Maritime,xavier.batut@assemblee-nationale.fr,Monsieur le député
76,M.,Christophe,Bouillon,Seine-Maritime,christophe.bouillon@assemblee-nationale.fr,Monsieur le député
76,Mme,Agnès,Firmin Le Bodo,Seine-Maritime,agnes.firminlebodo@assemblee-nationale.fr,Madame la députée
76,M.,Sébastien,Jumel,Seine-Maritime,sebastien.jumel@assemblee-nationale.fr,Monsieur le député
76,Mme,Stéphanie,Kerbarh,Seine-Maritime,stephanie.kerbarh@assemblee-nationale.fr,Madame la députée
76,M.,Jean-Paul,Lecoq,Seine-Maritime,jean-paul.lecoq@assemblee-nationale.fr,Monsieur le député
76,Mme,Sira,Sylla,Seine-Maritime,sira.sylla@assemblee-nationale.fr,Madame la députée
76,Mme,Annie,Vidal,Seine-Maritime,annie.vidal@assemblee-nationale.fr,Madame la députée
76,M.,Hubert,Wulfranc,Seine-Maritime,hubert.wulfranc@assemblee-nationale.fr,Monsieur le député
77,Mme,Stéphanie,Do,Seine-et-Marne,stephanie.do@assemblee-nationale.fr,Madame la députée
77,M.,Olivier,Faure,Seine-et-Marne,ofaure@assemblee-nationale.fr,Monsieur le député
77,M.,Jean-Michel,Fauvergue,Seine-et-Marne,jean-michel.fauvergue@assemblee-nationale.fr,Monsieur le député
77,M.,Christian,Jacob,Seine-et-Marne,christian.jacob@assemblee-nationale.fr,Monsieur le député
77,M.,Yves,Jégo,Seine-et-Marne,yves.jego@assemblee-nationale.fr,Monsieur le député
77,M.,Rodrigue,Kokouendo,Seine-et-Marne,rodrigue.kokouendo@assemblee-nationale.fr,Monsieur le député
77,Mme,Valérie,Lacroute,Seine-et-Marne,valerie.lacroute@assemblee-nationale.fr,Madame la députée
77,Mme,Aude,Luquet,Seine-et-Marne,aude.luquet@assemblee-nationale.fr,Madame la députée
77,M.,Jean-François,Parigi,Seine-et-Marne,jean-francois.parigi@assemblee-nationale.fr,Monsieur le député
77,Mme,Michèle,Peyron,Seine-et-Marne,michele.peyron@assemblee-nationale.fr,Madame la députée
77,M.,Franck,Riester,Seine-et-Marne,franck.riester@assemblee-nationale.fr,Monsieur le député
78,M.,Didier,Baichère,Yvelines,didier.baichere@assemblee-nationale.fr,Monsieur le député
78,M.,Jean-Noël,Barrot,Yvelines,jean-noel.barrot@assemblee-nationale.fr,Monsieur le député
78,Mme,Aurore,Bergé,Yvelines,aurore.berge@assemblee-nationale.fr,Madame la députée
78,Mme,Yaël,Braun-Pivet,Yvelines,yael.braun-pivet@assemblee-nationale.fr,Madame la députée
78,Mme,Michèle,de Vaucouleurs,Yvelines,michele.devaucouleurs@assemblee-nationale.fr,Madame la députée
78,Mme,Florence,Granjus,Yvelines,florence.granjus@assemblee-nationale.fr,Madame la députée
78,Mme,Nadia,Hai,Yvelines,nadia.hai@assemblee-nationale.fr,Madame la députée
78,Mme,Marie,Lebec,Yvelines,marie.lebec@assemblee-nationale.fr,Madame la députée
78,M.,Bruno,Millienne,Yvelines,bruno.millienne@assemblee-nationale.fr,Monsieur le député
78,Mme,Béatrice,Piron,Yvelines,beatrice.piron@assemblee-nationale.fr,Madame la députée
78,Mme,Natalia,Pouzyreff,Yvelines,natalia.pouzyreff@assemblee-nationale.fr,Madame la députée
78,M.,Michel,Vialay,Yvelines,michel.vialay@assemblee-nationale.fr,Monsieur le député
79,Mme,Delphine,Batho,Deux-Sèvres,delphine.batho@assemblee-nationale.fr,Madame la députée
79,M.,Guillaume,Chiche,Deux-Sèvres,guillaume.chiche@assemblee-nationale.fr,Monsieur le député
79,M.,Jean-Marie,Fiévet,Deux-Sèvres,jean-marie.fievet@assemblee-nationale.fr,Monsieur le député
80,M.,Stéphane,Demilly,Somme,stephane.demilly@assemblee-nationale.fr,Monsieur le député
80,M.,Jean-Claude,Leclabart,Somme,jean-claude.leclabart@assemblee-nationale.fr,Monsieur le député
80,M.,Emmanuel,Maquet,Somme,emmanuel.maquet@assemblee-nationale.fr,Monsieur le député
80,Mme,Barbara,Pompili,Somme,barbara.pompili@assemblee-nationale.fr,Madame la députée
80,M.,François,Ruffin,Somme,francois.ruffin@assemblee-nationale.fr,Monsieur le député
81,M.,Philippe,Folliot,Tarn,philippe.folliot@assemblee-nationale.fr,Monsieur le député
81,M.,Jean,Terlier,Tarn,jean.terlier@assemblee-nationale.fr,Monsieur le député
81,Mme,Marie-Christine,Verdier-Jouclas,Tarn,marie-christine.verdier-jouclas@assemblee-nationale.fr,Madame la députée
82,Mme,Sylvia,Pinel,Tarn-et-Garonne,sylvia.pinel@assemblee-nationale.fr,Madame la députée
82,Mme,Valérie,Rabault,Tarn-et-Garonne,valerie.rabault@assemblee-nationale.fr,Madame la députée
83,Mme,Valérie,Gomez-Bassac,Var,valerie.gomez-bassac@assemblee-nationale.fr,Madame la députée
83,Mme,Émilie,Guerel,Var,emilie.guerel@assemblee-nationale.fr,Madame la députée
83,Mme,Geneviève,Levy,Var,genevieve.levy@assemblee-nationale.fr,Madame la députée
83,M.,Jean-Louis,Masson,Var,jean-louis.masson@assemblee-nationale.fr,Monsieur le député
83,M.,Fabien,Matras,Var,fabien.matras@assemblee-nationale.fr,Monsieur le député
83,Mme,Sereine,Mauborgne,Var,sereine.mauborgne@assemblee-nationale.fr,Madame la députée
83,M.,Philippe,Michel-Kleisbauer,Var,Philippe.Michel-Kleisbauer@assemblee-nationale.fr,Monsieur le député
83,Mme,Cécile,Muschotti,Var,cecile.muschotti@assemblee-nationale.fr,Madame la députée
84,M.,Julien,Aubert,Vaucluse,julien.aubert@assemblee-nationale.fr,Monsieur le député
84,M.,Jean-Claude,Bouchet,Vaucluse,jean-claude.bouchet@assemblee-nationale.fr,Monsieur le député
84,M.,Jean-François,Cesarini,Vaucluse,jean-francois.cesarini@assemblee-nationale.fr,Monsieur le député
84,M.,Adrien,Morenas,Vaucluse,Adrien.Morenas@assemblee-nationale.fr,Monsieur le député
85,M.,Stéphane,Buchou,Vendée,stephane.buchou@assemblee-nationale.fr,Monsieur le député
85,Mme,Patricia,Gallerneau,Vendée,patricia.gallerneau@assemblee-nationale.fr,Madame la députée
85,M.,Pierre,Henriet,Vendée,pierre.henriet@assemblee-nationale.fr,Monsieur le député
85,M.,Philippe,Latombe,Vendée,philippe.latombe@assemblee-nationale.fr,Monsieur le député
85,Mme,Martine,Leguille-Balloy,Vendée,martine.leguille-balloy@assemblee-nationale.fr,Madame la députée
86,M.,Jean-Michel,Clément,Vienne,jean-michel.clement@assemblee-nationale.fr,Monsieur le député
86,M.,Sacha,Houlié,Vienne,sacha.houlie@assemblee-nationale.fr,Monsieur le député
86,M.,Jacques,Savatier,Vienne,jacques.savatier@assemblee-nationale.fr,Monsieur le député
86,M.,Nicolas,Turquois,Vienne,nicolas.turquois@assemblee-nationale.fr,Monsieur le député
87,Mme,Sophie,Beaudouin-Hubiere,Haute-Vienne,sophie.beaudouin-hubiere@assemblee-nationale.fr,Madame la députée
87,M.,Jean-Baptiste,Djebbari,Haute-Vienne,jean-baptiste.djebbari@assemblee-nationale.fr,Monsieur le député
87,Mme,Marie-Ange,Magne,Haute-Vienne,marie-ange.magne@assemblee-nationale.fr,Madame la députée
88,M.,Gérard,Cherpion,Vosges,gerard.cherpion@assemblee-nationale.fr,Monsieur le député
88,M.,Jean-Jacques,Gaultier,Vosges,jean-jacques.gaultier@assemblee-nationale.fr,Monsieur le député
88,M.,Christophe,Naegelen,Vosges,christophe.naegelen@assemblee-nationale.fr,Monsieur le député
88,M.,Stéphane,Viry,Vosges,stephane.viry@assemblee-nationale.fr,Monsieur le député
89,Mme,Michèle,Crouzet,Yonne,michele.crouzet@assemblee-nationale.fr,Madame la députée
89,M.,Guillaume,Larrivé,Yonne,guillaume.larrive@assemblee-nationale.fr,Monsieur le député
89,M.,André,Villiers,Yonne,andre.villiers@assemblee-nationale.fr,Monsieur le député
90,M.,Ian,Boucard,Territoire de Belfort,ian.boucard@assemblee-nationale.fr,Monsieur le député
90,M.,Michel,Zumkeller,Territoire de Belfort,michel.zumkeller@assemblee-nationale.fr,Monsieur le député
91,Mme,Amélie,de Montchalin,Essonne,amelie.demontchalin@assemblee-nationale.fr,Madame la députée
91,Mme,Marie,Guévenoux,Essonne,marie.guevenoux@assemblee-nationale.fr,Madame la députée
91,M.,Franck,Marlin,Essonne,franck.marlin@assemblee-nationale.fr,Monsieur le député
91,M.,Pierre-Alain,Raphan,Essonne,pierre-alain.raphan@assemblee-nationale.fr,Monsieur le député
91,M.,Robin,Reda,Essonne,robin.reda@assemblee-nationale.fr,Monsieur le député
91,Mme,Marie-Pierre,Rixain,Essonne,marie-pierre.rixain@assemblee-nationale.fr,Madame la députée
91,Mme,Laëtitia,Romeiro Dias,Essonne,laetitia.romeirodias@assemblee-nationale.fr,Madame la députée
91,M.,Manuel,Valls,Essonne,manuel.valls@assemblee-nationale.fr,Monsieur le député
91,M.,Cédric,Villani,Essonne,cedric.villani@assemblee-nationale.fr,Monsieur le député
92,M.,Gabriel,Attal,Hauts-de-Seine,gabriel.attal@assemblee-nationale.fr,Monsieur le député
92,M.,Jean-Louis,Bourlanges,Hauts-de-Seine,jean-louis.bourlanges@assemblee-nationale.fr,Monsieur le député
92,Mme,Céline,Calvez,Hauts-de-Seine,celine.calvez@assemblee-nationale.fr,Madame la députée
92,Mme,Frédérique,Dumas,Hauts-de-Seine,frederique.dumas@assemblee-nationale.fr,Madame la députée
92,Mme,Elsa,Faucillon,Hauts-de-Seine,elsa.faucillon@assemblee-nationale.fr,Madame la députée
92,Mme,Isabelle,Florennes,Hauts-de-Seine,isabelle.florennes@assemblee-nationale.fr,Madame la députée
92,Mme,Christine,Hennion,Hauts-de-Seine,christine.hennion@assemblee-nationale.fr,Madame la députée
92,Mme,Constance,Le Grip,Hauts-de-Seine,constance.legrip@assemblee-nationale.fr,Madame la députée
92,M.,Jacques,Maire,Hauts-de-Seine,jacques.maire@assemblee-nationale.fr,Monsieur le député
92,M.,Jacques,Marilossian,Hauts-de-Seine,jacques.marilossian@assemblee-nationale.fr,Monsieur le député
92,Mme,Laurianne,Rossi,Hauts-de-Seine,laurianne.rossi@assemblee-nationale.fr,Madame la députée
92,M.,Thierry,Solère,Hauts-de-Seine,tsolere@assemblee-nationale.fr,Monsieur le député
92,M.,Adrien,Taquet,Hauts-de-Seine,adrien.taquet@assemblee-nationale.fr,Monsieur le député
93,M.,Patrice,Anato,Seine-Saint-Denis,patrice.anato@assemblee-nationale.fr,Monsieur le député
93,Mme,Clémentine,Autain,Seine-Saint-Denis,clementine.autain@assemblee-nationale.fr,Madame la députée
93,Mme,Marie-George,Buffet,Seine-Saint-Denis,marie-george.buffet@assemblee-nationale.fr,Madame la députée
93,Mme,Sylvie,Charrière,Seine-Saint-Denis,sylvie.charriere@assemblee-nationale.fr,Madame la députée
93,M.,Éric,Coquerel,Seine-Saint-Denis,eric.coquerel@assemblee-nationale.fr,Monsieur le député
93,M.,Alexis,Corbière,Seine-Saint-Denis,alexis.corbiere@assemblee-nationale.fr,Monsieur le député
93,M.,Bastien,Lachaud,Seine-Saint-Denis,bastien.lachaud@assemblee-nationale.fr,Monsieur le député
93,M.,Jean-Christophe,Lagarde,Seine-Saint-Denis,jean-christophe.lagarde@assemblee-nationale.fr,Monsieur le député
93,M.,Stéphane,Peu,Seine-Saint-Denis,stephane.peu@assemblee-nationale.fr,Monsieur le député
93,M.,Alain,Ramadier,Seine-Saint-Denis,alain.ramadier@assemblee-nationale.fr,Monsieur le député
93,Mme,Sabine,Rubin,Seine-Saint-Denis,sabine.rubin@assemblee-nationale.fr,Madame la députée
93,M.,Stéphane,Testé,Seine-Saint-Denis,stephane.teste@assemblee-nationale.fr,Monsieur le député
94,M.,Jean-Jacques,Bridey,Val-de-Marne,jean-jacques.bridey@assemblee-nationale.fr,Monsieur le député
94,M.,Gilles,Carrez,Val-de-Marne,gilles.carrez@assemblee-nationale.fr,Monsieur le député
94,M.,Luc,Carvounas,Val-de-Marne,luc.carvounas@assemblee-nationale.fr,Monsieur le député
94,M.,Frédéric,Descrozaille,Val-de-Marne,frederic.descrozaille@assemblee-nationale.fr,Monsieur le député
94,Mme,Albane,Gaillot,Val-de-Marne,albane.gaillot@assemblee-nationale.fr,Madame la députée
94,M.,Guillaume,Gouffier-Cha,Val-de-Marne,guillaume.gouffier-cha@assemblee-nationale.fr,Monsieur le député
94,M.,Michel,Herbillon,Val-de-Marne,michel.herbillon@assemblee-nationale.fr,Monsieur le député
94,M.,Jean François,Mbaye,Val-de-Marne,jeanfrancois.mbaye@assemblee-nationale.fr,Monsieur le député
94,Mme,Mathilde,Panot,Val-de-Marne,mathilde.panot@assemblee-nationale.fr,Madame la députée
94,Mme,Maud,Petit,Val-de-Marne,maud.petit@assemblee-nationale.fr,Madame la députée
94,M.,Laurent,Saint-Martin,Val-de-Marne,laurent.saint-martin@assemblee-nationale.fr,Monsieur le député
95,M.,Dominique,Da Silva,Val-d'Oise,dominique.dasilva@assemblee-nationale.fr,Monsieur le député
95,Mme,Nathalie,Elimas,Val-d'Oise,nathalie.elimas@assemblee-nationale.fr,Madame la députée
95,Mme,Fiona,Lazaar,Val-d'Oise,fiona.lazaar@assemblee-nationale.fr,Madame la députée
95,Mme,Naïma,Moutchou,Val-d'Oise,naima.moutchou@assemblee-nationale.fr,Madame la députée
95,Mme,Zivka,Park,Val-d'Oise,zivka.park@assemblee-nationale.fr,Madame la députée
95,M.,François,Pupponi,Val-d'Oise,francois.pupponi@assemblee-nationale.fr,Monsieur le député
95,Mme,Cécile,Rilhac,Val-d'Oise,cecile.rilhac@assemblee-nationale.fr,Madame la députée
95,M.,Antoine,Savignat,Val d'Oise,antoine.savignat@assemblee-nationale.fr,Monsieur le député
95,M.,Aurélien,Taché,Val-d'Oise,aurelien.tache@assemblee-nationale.fr,Monsieur le député
95,M.,Guillaume,Vuilletet,Val-d'Oise,guillaume.vuilletet@assemblee-nationale.fr,Monsieur le député
971,Mme,Justine,Benin,Guadeloupe,justine.benin@assemblee-nationale.fr,Madame la députée
971,M.,Max,Mathiasin,Guadeloupe,max.mathiasin@assemblee-nationale.fr,Monsieur le député
971,M.,Olivier,Serva,Guadeloupe,olivier.serva@assemblee-nationale.fr,Monsieur le député
971,Mme,Hélène,Vainqueur-Christophe,Guadeloupe,helene.vainqueur@assemblee-nationale.fr,Madame la députée
972,M.,Bruno Nestor,Azerot,Martinique,brunonestor.azerot@assemblee-nationale.fr,Monsieur le député
972,M.,Serge,Letchimy,Martinique,serge.letchimy@assemblee-nationale.fr,Monsieur le député
972,Mme,Josette,Manin,Martinique,josette.manin@assemblee-nationale.fr,Madame la députée
972,M.,Jean-Philippe,Nilor,Martinique,jean-philippe.nilor@assemblee-nationale.fr,Monsieur le député
973,M.,Lénaïck,Adam,Guyane,lenaick.adam@assemblee-nationale.fr,Monsieur le député
973,M.,Gabriel,Serville,Guyane,gabriel.serville@assemblee-nationale.fr,Monsieur le député
974,Mme,Ericka,Bareigts,Réunion,ericka.bareigts@assemblee-nationale.fr,Madame la députée
974,Mme,Nathalie,Bassire,Réunion,nathalie.bassire@assemblee-nationale.fr,Madame la députée
974,Mme,Huguette,Bello,Réunion,huguette.bello@assemblee-nationale.fr,Madame la députée
974,M.,David,Lorion,Réunion,david.lorion@assemblee-nationale.fr,Monsieur le député
974,Mme,Nadia,Ramassamy,Réunion,nadia.ramassamy@assemblee-nationale.fr,Madame la députée
974,M.,Jean-Hugues,Ratenon,Réunion,jean-hugues.ratenon@assemblee-nationale.fr,Monsieur le député
974,M.,Thierry,Robert,Réunion,thierry.robert@assemblee-nationale.fr,Monsieur le député
975,M.,Stéphane,Claireaux,Saint-Pierre-et-Miquelon,stephane.claireaux@assemblee-nationale.fr,Monsieur le député
976,Mme,Ramlati,Ali,Mayotte,ramlati.ali@assemblee-nationale.fr,Madame la députée
976,M.,Mansour,Kamardine,Mayotte,mansour.kamardine@assemblee-nationale.fr,Monsieur le député
977,Mme,Claire,Guion-Firmin,Saint-Barthélemy et Saint-Martin,claire.javois@assemblee-nationale.fr,Madame la députée
986,M.,Sylvain,Brial,Wallis-et-Futuna,sylvain.brial@assemblee-nationale.fr,Monsieur le député
987,M.,Moetai,Brotherson,Polynésie Française,moetai.brotherson@assemblee-nationale.fr,Monsieur le député
987,Mme,Maina,Sage,Polynésie Française,maina.sage@assemblee-nationale.fr,Madame la députée
987,Mme,Nicole,Sanquer,Polynésie Française,nicole.sanquer@assemblee-nationale.fr,Madame la députée
988,M.,Philippe,Dunoyer,Nouvelle-Calédonie,philippe.dunoyer@assemblee-nationale.fr,Monsieur le député
988,M.,Philippe,Gomès,Nouvelle-Calédonie,philippe.gomes@assemblee-nationale.fr,Monsieur le député
999,M.,Pieyre-Alexandre,Anglade,Français établis hors de France,pieyre-alexandre.anglade@assemblee-nationale.fr,Monsieur le député
999,Mme,Samantha,Cazebonne,Français établis hors de France,samantha.cazebonne@assemblee-nationale.fr,Madame la députée
999,M.,M'jid,El Guerrab,Français établis hors de France,mjid.elguerrab@assemblee-nationale.fr,Monsieur le député
999,Mme,Paula,Forteza,Français établis hors de France,paula.forteza@assemblee-nationale.fr,Madame la députée
999,Mme,Anne,Genetet,Français établis hors de France,anne.genetet@assemblee-nationale.fr,Madame la députée
999,M.,Meyer,Habib,Français établis hors de France,meyer.habib@assemblee-nationale.fr,Monsieur le député
999,M.,Alexandre,Holroyd,Français établis hors de France,alexandre.holroyd@assemblee-nationale.fr,Monsieur le député
999,Mme,Amal-Amélia,Lakrafi,Français établis hors de France,amelia.lakrafi@assemblee-nationale.fr,Madame la députée
999,M.,Roland,Lescure,Français établis hors de France,roland.lescure@assemblee-nationale.fr,Monsieur le député
999,M.,Frédéric,Petit,Français établis hors de France,frederic.petit@assemblee-nationale.fr,Monsieur le député
999,M.,Joachim,Son-Forget,Français établis hors de France,joachim.son-forget@assemblee-nationale.fr,Monsieur le député
2A,M.,Paul-André,Colombani,Corse-du-Sud,paul-andre.colombani@assemblee-nationale.fr,Monsieur le député
2A,M.,Jean-Jacques,Ferrara,Corse-du-Sud,jean-jacques.ferrara@assemblee-nationale.fr,Monsieur le député
2B,M.,Jean-Félix,Acquaviva,Haute-Corse,jean-felix.acquaviva@assemblee-nationale.fr,Monsieur le député
2B,M.,Michel,Castellani,Haute-Corse,michel.castellani@assemblee-nationale.fr,Monsieur le député